points_from,points_to,juror_a_ranking,juror_b_ranking,juror_c_ranking,juror_d_ranking,juror_e_ranking,jury_rank,televoting_rank
Albania, Azerbaijan,14,6,23,5,8,2 points 9th,14th
Albania, Belgium,23,22,19,25,21,25th,25th
Albania, Bulgaria,22,25,8,21,24,17th,5 points 6th
Albania, Cyprus,3,5,4,8,6,7 points 4th,2 points 9th
Albania, Finland,6,9,7,12,10,3 points 8th,3 points 8th
Albania, France,2,1,3,2,2,10 points 2nd,6 points 5th
Albania, Germany,18,15,12,10,22,13th,15th
Albania, Greece,4,10,5,4,9,6 points 5th,8 points 3rd
Albania, Iceland,8,13,10,11,11,11th,21st
Albania, Israel,13,7,9,16,12,12th,22nd
Albania, Italy,16,4,21,7,3,4 points 7th,10 points 2nd
Albania, Lithuania,9,18,15,22,20,16th,13th
Albania, Malta,7,3,2,3,4,8 points 3rd,12th
Albania, Moldova,25,24,11,20,23,20th,7 points 4th
Albania, Norway,19,20,13,23,25,23rd,19th
Albania, Portugal,21,12,20,15,17,18th,23rd
Albania, Russia,15,14,18,13,13,14th,17th
Albania, San Marino,5,8,6,9,5,5 points 6th,11th
Albania, Serbia,11,11,17,6,7,1 point 10th,16th
Albania, Spain,12,21,16,18,19,19th,18th
Albania, Sweden,10,19,14,19,16,15th,1 point 10th
Albania, Switzerland,1,2,1,1,1,12 points 1st,12 points 1st
Albania, The Netherlands,17,23,24,14,18,22nd,24th
Albania, Ukraine,20,16,25,17,15,21st,4 points 7th
Albania, United Kingdom,24,17,22,24,14,24th,20th
Australia, Albania,25,23,22,24,24,26th,24th
Australia, Azerbaijan,20,13,19,17,21,21st,17th
Australia, Belgium,23,22,21,26,25,25th,23rd
Australia, Bulgaria,6,11,9,7,17,2 points 9th,16th
Australia, Cyprus,5,5,7,9,13,4 points 7th,14th
Australia, Finland,16,25,23,8,15,18th,3 points 8th
Australia, France,15,3,2,1,5,7 points 4th,4 points 7th
Australia, Germany,26,26,26,10,26,22nd,19th
Australia, Greece,13,9,17,18,11,13th,11th
Australia, Iceland,2,7,1,6,3,8 points 3rd,12 points 1st
Australia, Israel,12,14,14,25,9,14th,15th
Australia, Italy,7,24,4,3,4,6 points 5th,7 points 4th
Australia, Lithuania,17,12,10,20,8,11th,6 points 5th
Australia, Malta,1,2,3,4,1,12 points 1st,8 points 3rd
Australia, Moldova,22,20,25,15,22,24th,25th
Australia, Norway,18,17,18,16,20,23rd,1 point 10th
Australia, Portugal,10,15,15,23,10,15th,18th
Australia, Russia,9,10,13,14,16,1 point 10th,12th
Australia, San Marino,19,19,12,11,14,17th,13th
Australia, Serbia,24,6,20,12,23,12th,2 points 9th
Australia, Spain,21,8,16,21,19,19th,26th
Australia, Sweden,14,18,11,19,12,16th,20th
Australia, Switzerland,4,1,8,2,2,10 points 2nd,5 points 6th
Australia, The Netherlands,3,16,6,13,7,3 points 8th,22nd
Australia, Ukraine,11,4,5,5,6,5 points 6th,10 points 2nd
Australia, United Kingdom,8,21,24,22,18,20th,21st
Austria, Albania,22,24,25,19,18,26th,13th
Austria, Azerbaijan,19,19,24,20,22,25th,17th
Austria, Belgium,20,17,16,10,14,17th,21st
Austria, Bulgaria,2,3,9,7,9,5 points 6th,11th
Austria, Cyprus,15,25,13,9,21,16th,20th
Austria, Finland,9,10,7,15,8,1 point 10th,4 points 7th
Austria, France,7,1,5,6,2,8 points 3rd,6 points 5th
Austria, Germany,5,9,18,26,7,2 points 9th,15th
Austria, Greece,12,21,12,13,25,18th,19th
Austria, Iceland,1,5,1,8,3,12 points 1st,10 points 2nd
Austria, Israel,16,12,14,17,20,19th,18th
Austria, Italy,11,7,3,2,1,6 points 5th,8 points 3rd
Austria, Lithuania,21,13,11,14,15,15th,3 points 8th
Austria, Malta,3,6,8,22,11,4 points 7th,2 points 9th
Austria, Moldova,23,22,22,11,26,21st,24th
Austria, Norway,26,18,6,16,24,13th,1 point 10th
Austria, Portugal,6,4,4,1,5,7 points 4th,14th
Austria, Russia,17,20,23,3,12,11th,12th
Austria, San Marino,13,26,17,24,23,22nd,22nd
Austria, Serbia,18,11,19,18,10,14th,12 points 1st
Austria, Spain,8,23,15,12,13,12th,25th
Austria, Sweden,24,16,20,23,17,24th,16th
Austria, Switzerland,4,2,2,4,4,10 points 2nd,5 points 6th
Austria, The Netherlands,10,8,10,5,6,3 points 8th,23rd
Austria, Ukraine,25,14,21,25,16,23rd,7 points 4th
Austria, United Kingdom,14,15,26,21,19,20th,26th
Azerbaijan, Albania,20,10,19,25,18,20th,21st
Azerbaijan, Belgium,16,15,7,19,2,3 points 8th,17th
Azerbaijan, Bulgaria,7,12,13,6,10,1 point 10th,20th
Azerbaijan, Cyprus,10,16,23,21,19,19th,15th
Azerbaijan, Finland,13,14,5,9,11,13th,5 points 6th
Azerbaijan, France,9,13,16,4,4,4 points 7th,2 points 9th
Azerbaijan, Germany,22,24,21,24,21,23rd,19th
Azerbaijan, Greece,6,6,2,1,8,10 points 2nd,11th
Azerbaijan, Iceland,19,8,18,16,17,17th,16th
Azerbaijan, Israel,11,17,15,12,14,16th,12 points 1st
Azerbaijan, Italy,14,19,6,14,6,14th,10 points 2nd
Azerbaijan, Lithuania,21,23,20,13,22,22nd,14th
Azerbaijan, Malta,5,7,12,2,1,7 points 4th,12th
Azerbaijan, Moldova,2,4,4,5,7,8 points 3rd,1 point 10th
Azerbaijan, Norway,18,9,8,18,16,15th,7 points 4th
Azerbaijan, Portugal,12,3,14,8,12,2 points 9th,25th
Azerbaijan, Russia,1,1,3,3,3,12 points 1st,6 points 5th
Azerbaijan, San Marino,8,11,11,7,9,11th,3 points 8th
Azerbaijan, Serbia,24,18,10,11,24,18th,18th
Azerbaijan, Spain,17,21,25,20,13,21st,24th
Azerbaijan, Sweden,4,20,1,15,20,5 points 6th,13th
Azerbaijan, Switzerland,15,2,17,17,15,12th,4 points 7th
Azerbaijan, The Netherlands,25,25,22,23,23,25th,23rd
Azerbaijan, Ukraine,3,5,9,10,5,6 points 5th,8 points 3rd
Azerbaijan, United Kingdom,23,22,24,22,25,24th,22nd
Belgium, Albania,18,21,23,20,22,20th,15th
Belgium, Azerbaijan,22,23,20,25,19,23rd,13th
Belgium, Bulgaria,7,11,4,4,4,6 points 5th,14th
Belgium, Cyprus,14,19,18,11,12,17th,17th
Belgium, Finland,6,4,5,1,2,8 points 3rd,6 points 5th
Belgium, France,15,9,12,17,15,15th,12 points 1st
Belgium, Germany,23,24,24,23,25,24th,20th
Belgium, Greece,20,16,15,15,17,18th,12th
Belgium, Iceland,4,7,11,5,11,3 points 8th,5 points 6th
Belgium, Israel,10,17,10,18,16,16th,19th
Belgium, Italy,17,15,16,6,7,2 points 9th,8 points 3rd
Belgium, Lithuania,9,14,14,14,10,13th,7 points 4th
Belgium, Malta,5,5,3,12,14,5 points 6th,2 points 9th
Belgium, Moldova,25,25,25,24,24,25th,24th
Belgium, Norway,16,13,13,9,13,14th,1 point 10th
Belgium, Portugal,12,12,9,13,8,1 point 10th,11th
Belgium, Russia,3,3,2,7,3,7 points 4th,16th
Belgium, San Marino,19,22,22,19,23,22nd,23rd
Belgium, Serbia,24,18,19,22,21,19th,22nd
Belgium, Spain,13,8,17,16,9,12th,21st
Belgium, Sweden,8,6,7,8,5,4 points 7th,3 points 8th
Belgium, Switzerland,2,1,1,3,1,12 points 1st,4 points 7th
Belgium, The Netherlands,11,10,8,10,18,11th,18th
Belgium, Ukraine,1,2,6,2,6,10 points 2nd,10 points 2nd
Belgium, United Kingdom,21,20,21,21,20,21st,25th
Bulgaria, Albania,23,21,15,14,25,23rd,19th
Bulgaria, Azerbaijan,20,25,22,23,18,25th,4 points 7th
Bulgaria, Belgium,3,20,20,24,23,12th,21st
Bulgaria, Cyprus,12,22,19,10,12,16th,13th
Bulgaria, Finland,21,15,7,8,7,1 point 10th,8 points 3rd
Bulgaria, France,18,5,3,6,1,7 points 4th,10 points 2nd
Bulgaria, Germany,15,16,25,22,24,24th,16th
Bulgaria, Greece,2,2,10,3,5,8 points 3rd,2 points 9th
Bulgaria, Iceland,16,11,12,20,22,20th,11th
Bulgaria, Israel,13,10,9,2,13,3 points 8th,14th
Bulgaria, Italy,5,4,1,7,3,10 points 2nd,12 points 1st
Bulgaria, Lithuania,17,18,16,21,9,19th,17th
Bulgaria, Malta,9,8,4,4,4,5 points 6th,20th
Bulgaria, Moldova,1,1,5,1,6,12 points 1st,15th
Bulgaria, Norway,8,13,17,18,16,15th,12th
Bulgaria, Portugal,10,7,6,5,2,6 points 5th,18th
Bulgaria, Russia,22,9,11,25,19,17th,7 points 4th
Bulgaria, San Marino,25,19,18,16,15,22nd,23rd
Bulgaria, Serbia,24,24,21,11,14,21st,5 points 6th
Bulgaria, Spain,14,3,2,9,17,4 points 7th,22nd
Bulgaria, Sweden,6,14,14,15,11,11th,1 point 10th
Bulgaria, Switzerland,7,23,13,13,10,13th,3 points 8th
Bulgaria, The Netherlands,4,12,8,19,20,2 points 9th,24th
Bulgaria, Ukraine,19,17,24,17,8,18th,6 points 5th
Bulgaria, United Kingdom,11,6,23,12,21,14th,25th
Croatia, Albania,10,13,12,14,9,12th,1 point 10th
Croatia, Azerbaijan,19,21,16,20,18,19th,2 points 9th
Croatia, Belgium,15,16,9,24,14,14th,23rd
Croatia, Bulgaria,16,12,15,23,15,17th,17th
Croatia, Cyprus,5,6,17,15,13,11th,15th
Croatia, Finland,21,17,14,9,19,15th,6 points 5th
Croatia, France,2,7,2,8,5,6 points 5th,7 points 4th
Croatia, Germany,26,25,23,17,22,23rd,19th
Croatia, Greece,23,20,22,21,24,24th,21st
Croatia, Iceland,14,3,4,1,3,10 points 2nd,4 points 7th
Croatia, Israel,4,4,6,6,7,5 points 6th,20th
Croatia, Italy,1,2,3,2,4,12 points 1st,10 points 2nd
Croatia, Lithuania,11,11,8,5,6,2 points 9th,12th
Croatia, Malta,7,8,13,3,11,3 points 8th,14th
Croatia, Moldova,24,26,26,22,23,25th,22nd
Croatia, Norway,20,23,21,18,26,22nd,13th
Croatia, Portugal,13,10,10,4,10,1 point 10th,18th
Croatia, Russia,3,9,5,11,8,4 points 7th,3 points 8th
Croatia, San Marino,17,22,24,19,21,21st,16th
Croatia, Serbia,6,1,7,7,2,7 points 4th,12 points 1st
Croatia, Spain,22,19,19,25,16,20th,25th
Croatia, Sweden,12,15,20,12,17,16th,11th
Croatia, Switzerland,9,5,1,10,1,8 points 3rd,5 points 6th
Croatia, The Netherlands,18,18,18,13,20,18th,26th
Croatia, Ukraine,8,14,11,16,12,13th,8 points 3rd
Croatia, United Kingdom,25,24,25,26,25,26th,24th
Cyprus, Albania,19,20,17,17,17,20th,21st
Cyprus, Azerbaijan,17,17,19,14,16,19th,14th
Cyprus, Belgium,11,1,14,15,18,4 points 7th,20th
Cyprus, Bulgaria,14,8,9,2,23,5 points 6th,7 points 4th
Cyprus, Finland,22,9,24,8,2,3 points 8th,4 points 7th
Cyprus, France,3,7,8,6,5,7 points 4th,8 points 3rd
Cyprus, Germany,24,25,21,25,22,25th,18th
Cyprus, Greece,1,2,1,1,1,12 points 1st,12 points 1st
Cyprus, Iceland,10,6,18,11,19,15th,15th
Cyprus, Israel,9,12,13,16,11,17th,2 points 9th
Cyprus, Italy,4,4,5,5,4,8 points 3rd,10 points 2nd
Cyprus, Lithuania,6,16,15,20,7,13th,5 points 6th
Cyprus, Malta,2,3,4,3,3,10 points 2nd,1 point 10th
Cyprus, Moldova,12,11,10,10,14,16th,25th
Cyprus, Norway,16,18,16,18,8,18th,16th
Cyprus, Portugal,7,13,3,19,24,1 point 10th,17th
Cyprus, Russia,5,5,6,7,6,6 points 5th,3 points 8th
Cyprus, San Marino,13,10,11,9,9,12th,19th
Cyprus, Serbia,25,21,23,21,13,22nd,12th
Cyprus, Spain,21,24,12,23,20,21st,22nd
Cyprus, Sweden,8,15,7,13,12,11th,13th
Cyprus, Switzerland,15,14,2,12,15,2 points 9th,11th
Cyprus, The Netherlands,23,23,22,22,25,24th,23rd
Cyprus, Ukraine,18,22,25,4,10,14th,6 points 5th
Cyprus, United Kingdom,20,19,20,24,21,23rd,24th
Czech Republic, Albania,21,25,18,26,19,25th,23rd
Czech Republic, Azerbaijan,19,19,19,20,22,23rd,17th
Czech Republic, Belgium,22,4,10,7,10,3 points 8th,19th
Czech Republic, Bulgaria,11,2,9,9,4,4 points 7th,12th
Czech Republic, Cyprus,15,21,24,17,20,22nd,20th
Czech Republic, Finland,8,12,8,8,8,1 point 10th,4 points 7th
Czech Republic, France,6,11,1,1,1,10 points 2nd,2 points 9th
Czech Republic, Germany,25,6,15,22,25,14th,18th
Czech Republic, Greece,16,9,13,12,15,12th,8 points 3rd
Czech Republic, Iceland,4,1,5,4,5,8 points 3rd,7 points 4th
Czech Republic, Israel,14,23,16,14,12,17th,15th
Czech Republic, Italy,1,14,7,3,7,6 points 5th,6 points 5th
Czech Republic, Lithuania,12,20,14,25,24,21st,1 point 10th
Czech Republic, Malta,2,16,3,6,3,7 points 4th,14th
Czech Republic, Moldova,24,26,26,24,26,26th,12 points 1st
Czech Republic, Norway,26,10,23,19,21,20th,13th
Czech Republic, Portugal,3,3,2,2,2,12 points 1st,21st
Czech Republic, Russia,7,22,4,10,11,2 points 9th,5 points 6th
Czech Republic, San Marino,23,18,21,21,18,24th,22nd
Czech Republic, Serbia,9,24,17,16,13,16th,11th
Czech Republic, Spain,10,13,11,23,17,15th,24th
Czech Republic, Sweden,20,17,22,18,9,18th,16th
Czech Republic, Switzerland,5,7,6,5,6,5 points 6th,3 points 8th
Czech Republic, The Netherlands,17,15,20,13,14,19th,25th
Czech Republic, Ukraine,13,5,12,15,23,11th,10 points 2nd
Czech Republic, United Kingdom,18,8,25,11,16,13th,26th
Denmark, Albania,1,16,11,21,2,7 points 4th,25th
Denmark, Azerbaijan,12,23,9,12,21,20th,17th
Denmark, Belgium,24,17,21,19,9,23rd,16th
Denmark, Bulgaria,16,9,20,2,3,6 points 5th,18th
Denmark, Cyprus,7,10,7,13,12,13th,13th
Denmark, Finland,8,5,14,3,4,8 points 3rd,7 points 4th
Denmark, France,10,7,19,14,23,18th,3 points 8th
Denmark, Germany,13,25,26,26,22,26th,14th
Denmark, Greece,18,21,3,20,8,14th,15th
Denmark, Iceland,3,2,4,8,11,10 points 2nd,12 points 1st
Denmark, Israel,20,18,2,9,25,1 point 10th,21st
Denmark, Italy,23,14,23,22,10,24th,5 points 6th
Denmark, Lithuania,21,19,13,18,16,25th,4 points 7th
Denmark, Malta,15,3,5,16,14,4 points 7th,2 points 9th
Denmark, Moldova,11,26,15,10,13,19th,24th
Denmark, Norway,25,20,6,5,7,3 points 8th,8 points 3rd
Denmark, Portugal,14,8,18,7,24,16th,11th
Denmark, Russia,17,4,22,25,26,17th,12th
Denmark, San Marino,2,13,12,17,6,5 points 6th,20th
Denmark, Serbia,9,22,16,24,18,22nd,23rd
Denmark, Spain,22,11,10,23,5,15th,26th
Denmark, Sweden,6,15,8,6,20,2 points 9th,10 points 2nd
Denmark, Switzerland,5,1,1,4,1,12 points 1st,6 points 5th
Denmark, The Netherlands,4,6,24,15,17,12th,19th
Denmark, Ukraine,26,24,17,1,19,11th,1 point 10th
Denmark, United Kingdom,19,12,25,11,15,21st,22nd
Estonia, Albania,14,20,16,18,20,21st,25th
Estonia, Azerbaijan,22,18,12,26,18,23rd,14th
Estonia, Belgium,16,10,15,16,21,19th,15th
Estonia, Bulgaria,6,6,4,2,8,6 points 5th,11th
Estonia, Cyprus,20,8,10,12,24,14th,16th
Estonia, Finland,3,7,9,6,1,7 points 4th,12 points 1st
Estonia, France,5,1,3,4,2,10 points 2nd,7 points 4th
Estonia, Germany,26,25,26,24,11,24th,18th
Estonia, Greece,9,17,18,9,22,18th,17th
Estonia, Iceland,2,4,8,3,7,8 points 3rd,3 points 8th
Estonia, Israel,13,11,14,8,13,13th,21st
Estonia, Italy,15,5,13,21,4,3 points 8th,8 points 3rd
Estonia, Lithuania,12,12,7,10,10,2 points 9th,10 points 2nd
Estonia, Malta,18,9,17,7,9,1 point 10th,13th
Estonia, Moldova,25,26,25,25,26,26th,19th
Estonia, Norway,11,19,21,23,25,22nd,4 points 7th
Estonia, Portugal,17,3,11,5,6,5 points 6th,12th
Estonia, Russia,23,23,6,22,12,17th,6 points 5th
Estonia, San Marino,24,16,19,14,15,20th,20th
Estonia, Serbia,10,14,5,19,16,11th,23rd
Estonia, Spain,4,24,23,13,19,12th,24th
Estonia, Sweden,8,15,22,11,14,16th,1 point 10th
Estonia, Switzerland,1,2,2,1,3,12 points 1st,2 points 9th
Estonia, The Netherlands,21,21,24,15,5,15th,26th
Estonia, Ukraine,7,13,1,20,23,4 points 7th,5 points 6th
Estonia, United Kingdom,19,22,20,17,17,25th,22nd
Finland, Albania,9,9,16,24,11,14th,18th
Finland, Azerbaijan,13,24,24,16,24,21st,15th
Finland, Belgium,15,13,9,17,12,15th,14th
Finland, Bulgaria,2,1,2,5,2,10 points 2nd,16th
Finland, Cyprus,20,22,22,15,16,22nd,17th
Finland, France,1,18,4,6,3,7 points 4th,6 points 5th
Finland, Germany,22,16,17,20,18,23rd,19th
Finland, Greece,8,7,8,10,14,2 points 9th,13th
Finland, Iceland,5,10,3,1,5,8 points 3rd,12 points 1st
Finland, Israel,17,6,15,13,7,11th,21st
Finland, Italy,3,4,10,4,4,6 points 5th,8 points 3rd
Finland, Lithuania,10,5,11,7,20,3 points 8th,5 points 6th
Finland, Malta,6,11,21,22,6,1 point 10th,11th
Finland, Moldova,23,20,25,21,25,25th,2 points 9th
Finland, Norway,16,23,6,14,23,16th,4 points 7th
Finland, Portugal,11,15,12,8,10,13th,12th
Finland, Russia,24,3,18,9,8,4 points 7th,1 point 10th
Finland, San Marino,14,19,19,23,22,24th,20th
Finland, Serbia,12,21,14,25,9,18th,22nd
Finland, Spain,21,17,7,18,13,17th,25th
Finland, Sweden,7,14,13,2,19,5 points 6th,3 points 8th
Finland, Switzerland,4,2,1,3,1,12 points 1st,7 points 4th
Finland, The Netherlands,18,8,20,19,21,19th,23rd
Finland, Ukraine,25,12,5,11,15,12th,10 points 2nd
Finland, United Kingdom,19,25,23,12,17,20th,24th
France, Albania,16,4,16,22,11,15th,15th
France, Azerbaijan,24,13,22,17,16,25th,18th
France, Belgium,17,2,11,3,13,6 points 5th,21st
France, Bulgaria,14,12,18,2,25,13th,17th
France, Cyprus,8,15,12,12,3,2 points 9th,22nd
France, Finland,19,16,1,20,19,12th,1 point 10th
France, Germany,18,9,13,24,5,16th,13th
France, Greece,2,23,4,5,1,12 points 1st,20th
France, Iceland,20,7,7,9,4,3 points 8th,4 points 7th
France, Israel,4,5,10,7,15,5 points 6th,5 points 6th
France, Italy,23,10,3,8,22,11th,10 points 2nd
France, Lithuania,21,21,6,19,6,14th,11th
France, Malta,9,11,25,13,9,18th,16th
France, Moldova,6,22,14,21,8,17th,7 points 4th
France, Norway,15,20,23,18,12,23rd,14th
France, Portugal,1,6,8,4,21,8 points 3rd,8 points 3rd
France, Russia,5,3,5,1,18,10 points 2nd,12th
France, San Marino,13,17,9,6,2,4 points 7th,24th
France, Serbia,25,25,17,16,10,22nd,3 points 8th
France, Spain,11,14,20,15,23,21st,19th
France, Sweden,10,18,2,11,17,1 point 10th,2 points 9th
France, Switzerland,3,1,15,10,20,7 points 4th,6 points 5th
France, The Netherlands,7,19,19,14,24,20th,23rd
France, Ukraine,22,8,24,25,7,19th,12 points 1st
France, United Kingdom,12,24,21,23,14,24th,25th
Georgia, Albania,19,23,19,22,23,23rd,22nd
Georgia, Azerbaijan,8,14,6,2,6,5 points 6th,3 points 8th
Georgia, Belgium,14,13,20,20,18,17th,18th
Georgia, Bulgaria,7,7,4,12,4,4 points 7th,13th
Georgia, Cyprus,15,20,14,18,26,18th,16th
Georgia, Finland,11,9,25,9,13,12th,15th
Georgia, France,26,12,10,16,11,13th,5 points 6th
Georgia, Germany,23,15,11,13,12,15th,17th
Georgia, Greece,21,25,22,15,21,20th,12 points 1st
Georgia, Iceland,3,3,7,10,8,6 points 5th,1 point 10th
Georgia, Israel,13,16,15,11,15,16th,14th
Georgia, Italy,1,1,3,3,1,12 points 1st,8 points 3rd
Georgia, Lithuania,4,6,8,5,10,3 points 8th,10 points 2nd
Georgia, Malta,12,10,9,7,16,1 point 10th,12th
Georgia, Moldova,24,24,23,17,25,26th,2 points 9th
Georgia, Norway,16,19,12,19,9,14th,19th
Georgia, Portugal,5,4,1,6,3,8 points 3rd,21st
Georgia, Russia,25,26,16,26,17,21st,4 points 7th
Georgia, San Marino,18,21,24,24,24,25th,7 points 4th
Georgia, Serbia,20,22,21,23,20,24th,25th
Georgia, Spain,17,18,17,21,22,19th,23rd
Georgia, Sweden,10,11,13,8,14,11th,20th
Georgia, Switzerland,2,2,2,1,2,10 points 2nd,11th
Georgia, The Netherlands,9,8,18,14,7,2 points 9th,24th
Georgia, Ukraine,6,5,5,4,5,7 points 4th,6 points 5th
Georgia, United Kingdom,22,17,26,25,19,22nd,26th
Germany, Albania,25,22,23,18,21,23rd,16th
Germany, Azerbaijan,19,10,15,7,19,15th,17th
Germany, Belgium,5,19,19,6,15,11th,21st
Germany, Bulgaria,23,7,10,15,20,16th,15th
Germany, Cyprus,8,1,4,16,6,7 points 4th,19th
Germany, Finland,7,17,13,19,18,18th,8 points 3rd
Germany, France,3,2,6,3,4,12 points 1st,10 points 2nd
Germany, Greece,13,20,21,20,23,22nd,14th
Germany, Iceland,4,9,8,5,12,3 points 8th,6 points 5th
Germany, Israel,10,11,12,22,10,14th,18th
Germany, Italy,16,3,7,13,1,6 points 5th,7 points 4th
Germany, Lithuania,9,8,5,8,13,1 point 10th,12 points 1st
Germany, Malta,2,4,11,1,7,8 points 3rd,12th
Germany, Moldova,18,24,25,21,22,24th,25th
Germany, Norway,17,15,18,12,17,19th,1 point 10th
Germany, Portugal,21,6,14,14,14,12th,11th
Germany, Russia,11,12,2,9,9,2 points 9th,5 points 6th
Germany, San Marino,14,14,20,11,8,17th,23rd
Germany, Serbia,22,21,24,17,11,21st,3 points 8th
Germany, Spain,24,25,22,25,24,25th,22nd
Germany, Sweden,1,18,3,10,16,4 points 7th,13th
Germany, Switzerland,12,5,1,4,2,10 points 2nd,2 points 9th
Germany, The Netherlands,15,16,17,24,5,13th,20th
Germany, Ukraine,6,13,16,2,3,5 points 6th,4 points 7th
Germany, United Kingdom,20,23,9,23,25,20th,24th
Greece, Albania,12,11,12,9,10,17th,7 points 4th
Greece, Azerbaijan,10,8,11,10,6,12th,2 points 9th
Greece, Belgium,14,10,14,1,23,3 points 8th,18th
Greece, Bulgaria,6,2,5,5,9,8 points 3rd,12th
Greece, Cyprus,3,3,1,2,1,12 points 1st,12 points 1st
Greece, Finland,19,17,19,25,18,22nd,6 points 5th
Greece, France,1,13,10,13,14,5 points 6th,8 points 3rd
Greece, Germany,24,25,24,19,22,25th,20th
Greece, Iceland,2,14,16,18,15,13th,11th
Greece, Israel,9,21,21,3,19,15th,22nd
Greece, Italy,15,1,13,15,12,4 points 7th,10 points 2nd
Greece, Lithuania,20,22,4,7,8,11th,13th
Greece, Malta,8,6,9,8,4,6 points 5th,3 points 8th
Greece, Moldova,5,5,6,4,3,10 points 2nd,21st
Greece, Norway,22,20,22,14,20,21st,14th
Greece, Portugal,17,19,2,21,24,16th,19th
Greece, Russia,4,12,8,16,7,2 points 9th,1 point 10th
Greece, San Marino,7,4,7,6,5,7 points 4th,17th
Greece, Serbia,13,16,18,12,17,19th,16th
Greece, Spain,21,18,20,24,11,20th,23rd
Greece, Sweden,18,9,23,11,25,18th,15th
Greece, Switzerland,11,15,3,17,16,14th,4 points 7th
Greece, The Netherlands,25,24,25,20,13,23rd,25th
Greece, Ukraine,16,7,17,23,2,1 point 10th,5 points 6th
Greece, United Kingdom,23,23,15,22,21,24th,24th
Iceland, Albania,11,13,5,20,17,11th,24th
Iceland, Azerbaijan,22,21,23,23,16,23rd,15th
Iceland, Belgium,10,19,15,9,15,14th,19th
Iceland, Bulgaria,2,3,8,2,6,8 points 3rd,16th
Iceland, Cyprus,20,11,20,21,14,19th,13th
Iceland, Finland,6,10,7,4,5,5 points 6th,12 points 1st
Iceland, France,7,2,1,10,8,6 points 5th,7 points 4th
Iceland, Germany,24,22,24,24,25,24th,17th
Iceland, Greece,18,4,10,6,3,4 points 7th,12th
Iceland, Israel,12,25,16,15,18,20th,18th
Iceland, Italy,17,5,2,5,2,7 points 4th,5 points 6th
Iceland, Lithuania,13,12,12,8,19,13th,4 points 7th
Iceland, Malta,5,16,6,22,9,1 point 10th,3 points 8th
Iceland, Moldova,23,20,18,16,20,22nd,23rd
Iceland, Norway,16,24,19,17,11,21st,1 point 10th
Iceland, Portugal,3,9,3,1,4,10 points 2nd,2 points 9th
Iceland, Russia,9,18,4,7,12,2 points 9th,11th
Iceland, San Marino,15,15,13,18,13,18th,14th
Iceland, Serbia,21,8,21,12,21,16th,21st
Iceland, Spain,8,17,17,14,22,15th,25th
Iceland, Sweden,14,14,11,11,7,12th,10 points 2nd
Iceland, Switzerland,1,1,9,3,1,12 points 1st,6 points 5th
Iceland, The Netherlands,19,7,22,19,23,17th,22nd
Iceland, Ukraine,4,6,14,13,10,3 points 8th,8 points 3rd
Iceland, United Kingdom,25,23,25,25,24,25th,20th
Ireland, Albania,25,24,24,26,19,26th,26th
Ireland, Azerbaijan,11,9,3,10,13,2 points 9th,22nd
Ireland, Belgium,14,5,26,22,2,3 points 8th,24th
Ireland, Bulgaria,15,19,16,6,4,1 point 10th,11th
Ireland, Cyprus,13,13,5,9,24,13th,13th
Ireland, Finland,19,17,19,12,22,24th,5 points 6th
Ireland, France,9,1,18,2,1,12 points 1st,7 points 4th
Ireland, Germany,8,25,25,16,15,19th,16th
Ireland, Greece,17,14,8,7,7,11th,19th
Ireland, Iceland,2,6,2,3,16,8 points 3rd,10 points 2nd
Ireland, Israel,22,20,20,15,9,20th,20th
Ireland, Italy,24,4,15,24,21,17th,6 points 5th
Ireland, Lithuania,26,3,10,5,11,4 points 7th,12 points 1st
Ireland, Malta,6,2,9,1,5,10 points 2nd,4 points 7th
Ireland, Moldova,21,26,22,11,25,25th,15th
Ireland, Norway,4,15,4,4,8,7 points 4th,12th
Ireland, Portugal,7,11,23,13,6,12th,2 points 9th
Ireland, Russia,12,8,6,21,14,15th,14th
Ireland, San Marino,23,10,11,14,18,18th,17th
Ireland, Serbia,16,16,21,19,12,22nd,18th
Ireland, Spain,10,21,13,23,26,21st,25th
Ireland, Sweden,18,23,14,17,3,16th,1 point 10th
Ireland, Switzerland,1,7,12,8,17,5 points 6th,3 points 8th
Ireland, The Netherlands,5,18,7,18,20,14th,23rd
Ireland, Ukraine,3,12,1,20,23,6 points 5th,8 points 3rd
Ireland, United Kingdom,20,22,17,25,10,23rd,21st
Israel, Albania,13,24,23,21,17,21st,23rd
Israel, Azerbaijan,4,16,14,7,15,2 points 9th,2 points 9th
Israel, Belgium,7,4,12,6,2,6 points 5th,20th
Israel, Bulgaria,15,5,16,20,6,1 point 10th,17th
Israel, Cyprus,8,6,11,8,9,3 points 8th,12th
Israel, Finland,12,11,10,14,8,12th,4 points 7th
Israel, France,3,7,2,2,5,8 points 3rd,8 points 3rd
Israel, Germany,24,22,24,22,23,24th,14th
Israel, Greece,20,10,17,23,18,17th,15th
Israel, Iceland,10,12,7,13,12,11th,1 point 10th
Israel, Italy,17,18,8,11,19,15th,7 points 4th
Israel, Lithuania,6,2,3,1,3,10 points 2nd,3 points 8th
Israel, Malta,9,3,4,5,11,5 points 6th,5 points 6th
Israel, Moldova,11,21,18,9,10,14th,21st
Israel, Norway,21,17,15,15,14,19th,11th
Israel, Portugal,22,9,20,12,16,16th,19th
Israel, Russia,5,8,6,3,4,7 points 4th,10 points 2nd
Israel, San Marino,16,15,19,18,24,20th,16th
Israel, Serbia,19,20,22,19,20,22nd,18th
Israel, Spain,23,19,21,24,21,23rd,24th
Israel, Sweden,14,23,9,16,7,13th,13th
Israel, Switzerland,1,1,1,4,1,12 points 1st,6 points 5th
Israel, The Netherlands,18,13,13,17,22,18th,22nd
Israel, Ukraine,2,14,5,10,13,4 points 7th,12 points 1st
Israel, United Kingdom,25,25,25,25,25,25th,25th
Italy, Albania,20,18,14,20,25,21st,10 points 2nd
Italy, Azerbaijan,15,22,24,23,11,20th,18th
Italy, Belgium,7,3,6,3,13,5 points 6th,20th
Italy, Bulgaria,23,24,8,13,7,14th,15th
Italy, Cyprus,19,15,12,8,19,15th,21st
Italy, Finland,1,10,3,4,3,10 points 2nd,8 points 3rd
Italy, France,12,1,15,12,10,3 points 8th,1 point 10th
Italy, Germany,14,25,23,25,17,22nd,17th
Italy, Greece,17,16,17,10,21,17th,22nd
Italy, Iceland,8,2,4,2,6,8 points 3rd,6 points 5th
Italy, Israel,13,4,5,7,15,4 points 7th,19th
Italy, Lithuania,5,8,1,1,1,12 points 1st,5 points 6th
Italy, Malta,3,12,2,6,2,7 points 4th,14th
Italy, Moldova,22,17,20,18,24,23rd,2 points 9th
Italy, Norway,4,11,10,9,8,2 points 9th,11th
Italy, Portugal,2,9,7,5,4,6 points 5th,16th
Italy, Russia,9,6,16,19,12,11th,7 points 4th
Italy, San Marino,11,5,22,15,20,13th,3 points 8th
Italy, Serbia,25,23,19,17,23,25th,4 points 7th
Italy, Spain,21,14,13,22,18,19th,24th
Italy, Sweden,10,20,9,11,9,12th,13th
Italy, Switzerland,24,21,21,21,16,24th,12th
Italy, The Netherlands,16,19,11,16,14,16th,23rd
Italy, Ukraine,6,7,25,24,5,1 point 10th,12 points 1st
Italy, United Kingdom,18,13,18,14,22,18th,25th
Latvia, Albania,17,23,22,23,17,23rd,24th
Latvia, Azerbaijan,15,24,15,12,22,20th,12th
Latvia, Belgium,9,8,10,6,19,12th,13th
Latvia, Bulgaria,11,17,3,13,3,5 points 6th,15th
Latvia, Cyprus,21,22,24,25,25,25th,20th
Latvia, Finland,12,5,5,7,8,4 points 7th,8 points 3rd
Latvia, France,6,7,9,11,4,3 points 8th,3 points 8th
Latvia, Germany,24,20,14,10,11,17th,18th
Latvia, Greece,13,18,16,15,6,14th,16th
Latvia, Iceland,7,3,2,4,1,10 points 2nd,5 points 6th
Latvia, Israel,19,19,18,20,16,21st,19th
Latvia, Italy,2,4,11,2,12,8 points 3rd,7 points 4th
Latvia, Lithuania,5,2,19,3,10,6 points 5th,12 points 1st
Latvia, Malta,3,9,7,21,15,2 points 9th,17th
Latvia, Moldova,23,25,13,18,24,22nd,11th
Latvia, Norway,25,14,4,24,5,11th,2 points 9th
Latvia, Portugal,14,11,12,8,7,13th,14th
Latvia, Russia,10,10,6,5,18,1 point 10th,10 points 2nd
Latvia, San Marino,8,16,23,17,23,18th,21st
Latvia, Serbia,20,26,25,26,26,26th,25th
Latvia, Spain,22,21,26,16,20,24th,26th
Latvia, Sweden,18,12,21,19,13,19th,1 point 10th
Latvia, Switzerland,4,1,1,9,2,12 points 1st,4 points 7th
Latvia, The Netherlands,16,15,20,14,9,16th,22nd
Latvia, Ukraine,1,13,8,1,14,7 points 4th,6 points 5th
Latvia, United Kingdom,26,6,17,22,21,15th,23rd
Lithuania, Albania,23,22,24,19,24,23rd,25th
Lithuania, Azerbaijan,21,18,20,22,22,21st,14th
Lithuania, Belgium,6,4,3,3,1,7 points 4th,2 points 9th
Lithuania, Bulgaria,7,13,8,11,15,2 points 9th,18th
Lithuania, Cyprus,13,15,21,15,17,18th,11th
Lithuania, Finland,12,10,10,12,10,11th,7 points 4th
Lithuania, France,2,5,6,7,14,5 points 6th,8 points 3rd
Lithuania, Germany,14,12,14,10,8,12th,13th
Lithuania, Greece,8,14,19,13,16,15th,17th
Lithuania, Iceland,10,7,11,5,9,4 points 7th,3 points 8th
Lithuania, Israel,11,16,7,20,7,1 point 10th,16th
Lithuania, Italy,1,2,4,6,4,10 points 2nd,10 points 2nd
Lithuania, Malta,15,8,9,8,5,3 points 8th,15th
Lithuania, Moldova,25,25,23,25,23,25th,22nd
Lithuania, Norway,9,20,17,17,6,13th,5 points 6th
Lithuania, Portugal,4,1,5,4,12,6 points 5th,12th
Lithuania, Russia,16,21,16,24,19,19th,4 points 7th
Lithuania, San Marino,18,24,22,21,20,22nd,19th
Lithuania, Serbia,24,23,25,23,21,24th,21st
Lithuania, Spain,22,19,12,16,13,17th,24th
Lithuania, Sweden,17,9,13,14,18,16th,1 point 10th
Lithuania, Switzerland,5,6,2,2,2,8 points 3rd,6 points 5th
Lithuania, The Netherlands,19,11,15,9,11,14th,23rd
Lithuania, Ukraine,3,3,1,1,3,12 points 1st,12 points 1st
Lithuania, United Kingdom,20,17,18,18,25,20th,20th
Malta, Albania,3,22,3,3,19,12 points 1st,18th
Malta, Azerbaijan,10,23,12,7,5,14th,12th
Malta, Belgium,11,18,18,18,14,21st,22nd
Malta, Bulgaria,25,7,6,16,10,16th,11th
Malta, Cyprus,16,21,2,6,7,4 points 7th,2 points 9th
Malta, Finland,5,2,11,22,22,2 points 9th,7 points 4th
Malta, France,23,12,1,15,6,3 points 8th,3 points 8th
Malta, Germany,8,25,24,19,23,22nd,19th
Malta, Greece,20,11,4,1,11,6 points 5th,17th
Malta, Iceland,2,19,16,9,18,12th,5 points 6th
Malta, Israel,14,20,17,17,13,24th,21st
Malta, Italy,18,9,13,4,8,11th,12 points 1st
Malta, Lithuania,19,8,7,13,15,17th,6 points 5th
Malta, Moldova,15,14,22,2,12,13th,24th
Malta, Norway,7,24,15,8,25,19th,10 points 2nd
Malta, Portugal,22,1,19,12,2,7 points 4th,15th
Malta, Russia,13,16,21,14,16,23rd,16th
Malta, San Marino,4,5,9,23,17,1 point 10th,20th
Malta, Serbia,6,17,25,20,9,18th,4 points 7th
Malta, Spain,24,10,20,21,24,25th,23rd
Malta, Sweden,21,15,5,5,1,8 points 3rd,8 points 3rd
Malta, Switzerland,1,6,14,25,4,10 points 2nd,13th
Malta, The Netherlands,17,13,8,10,21,20th,25th
Malta, Ukraine,9,4,10,24,3,5 points 6th,1 point 10th
Malta, United Kingdom,12,3,23,11,20,15th,14th
Moldova, Albania,11,12,17,13,8,14th,22nd
Moldova, Azerbaijan,8,5,4,23,6,6 points 5th,1 point 10th
Moldova, Belgium,22,4,8,16,24,12th,20th
Moldova, Bulgaria,2,1,1,3,1,12 points 1st,12th
Moldova, Cyprus,4,11,14,8,25,1 point 10th,13th
Moldova, Finland,21,21,19,7,23,16th,5 points 6th
Moldova, France,1,8,18,20,9,4 points 7th,6 points 5th
Moldova, Germany,16,20,25,11,13,20th,17th
Moldova, Greece,6,2,3,5,3,8 points 3rd,7 points 4th
Moldova, Iceland,15,18,10,1,7,5 points 6th,11th
Moldova, Israel,14,14,15,21,17,22nd,18th
Moldova, Italy,18,24,9,25,18,21st,8 points 3rd
Moldova, Lithuania,20,6,23,18,22,15th,2 points 9th
Moldova, Malta,3,13,6,2,11,7 points 4th,14th
Moldova, Norway,17,17,22,14,10,18th,15th
Moldova, Portugal,13,10,12,6,5,2 points 9th,16th
Moldova, Russia,5,3,2,4,2,10 points 2nd,12 points 1st
Moldova, San Marino,9,22,5,12,16,13th,19th
Moldova, Serbia,12,15,13,19,15,17th,21st
Moldova, Spain,19,19,16,9,19,19th,24th
Moldova, Sweden,24,23,20,24,21,25th,3 points 8th
Moldova, Switzerland,7,9,11,10,4,3 points 8th,4 points 7th
Moldova, The Netherlands,23,25,21,15,14,23rd,23rd
Moldova, Ukraine,10,7,7,22,12,11th,10 points 2nd
Moldova, United Kingdom,25,16,24,17,20,24th,25th
North Macedonia, Albania,5,18,11,18,11,12th,10 points 2nd
North Macedonia, Azerbaijan,16,15,10,11,22,18th,3 points 8th
North Macedonia, Belgium,12,6,25,16,14,14th,23rd
North Macedonia, Bulgaria,15,8,20,22,9,15th,11th
North Macedonia, Cyprus,10,12,15,9,4,2 points 9th,6 points 5th
North Macedonia, Finland,20,17,21,17,18,22nd,2 points 9th
North Macedonia, France,2,2,6,7,10,7 points 4th,5 points 6th
North Macedonia, Germany,24,21,19,21,26,25th,24th
North Macedonia, Greece,14,16,12,10,17,17th,16th
North Macedonia, Iceland,26,9,5,3,16,4 points 7th,12th
North Macedonia, Israel,4,7,1,8,5,8 points 3rd,22nd
North Macedonia, Italy,7,1,3,1,6,10 points 2nd,8 points 3rd
North Macedonia, Lithuania,25,22,26,23,20,26th,17th
North Macedonia, Malta,9,5,2,5,7,5 points 6th,13th
North Macedonia, Moldova,22,20,17,26,23,24th,15th
North Macedonia, Norway,18,23,8,19,19,19th,18th
North Macedonia, Portugal,11,26,7,15,8,13th,21st
North Macedonia, Russia,8,11,4,13,21,1 point 10th,1 point 10th
North Macedonia, San Marino,17,14,22,20,25,21st,19th
North Macedonia, Serbia,1,3,9,2,2,12 points 1st,12 points 1st
North Macedonia, Spain,23,19,14,24,13,20th,25th
North Macedonia, Sweden,19,13,16,14,1,3 points 8th,14th
North Macedonia, Switzerland,3,4,23,4,3,6 points 5th,7 points 4th
North Macedonia, The Netherlands,13,24,18,25,24,23rd,26th
North Macedonia, Ukraine,6,25,24,6,15,11th,4 points 7th
North Macedonia, United Kingdom,21,10,13,12,12,16th,20th
Norway, Albania,13,18,11,22,20,19th,21st
Norway, Azerbaijan,8,11,6,11,16,11th,1 point 10th
Norway, Belgium,21,19,18,18,22,22nd,22nd
Norway, Bulgaria,23,4,19,7,1,6 points 5th,16th
Norway, Cyprus,12,8,23,9,17,15th,13th
Norway, Finland,16,16,4,15,9,13th,6 points 5th
Norway, France,6,6,9,8,8,4 points 7th,4 points 7th
Norway, Germany,24,22,24,24,25,25th,14th
Norway, Greece,10,7,13,5,23,1 point 10th,19th
Norway, Iceland,4,13,15,14,7,2 points 9th,10 points 2nd
Norway, Israel,2,5,3,3,13,8 points 3rd,18th
Norway, Italy,7,20,12,6,3,5 points 6th,7 points 4th
Norway, Lithuania,25,14,10,16,15,18th,12 points 1st
Norway, Malta,1,2,1,4,2,12 points 1st,3 points 8th
Norway, Moldova,17,24,25,25,19,23rd,25th
Norway, Portugal,14,15,14,10,11,17th,12th
Norway, Russia,9,12,8,23,18,16th,11th
Norway, San Marino,15,17,21,12,21,20th,17th
Norway, Serbia,19,25,22,20,24,24th,15th
Norway, Spain,22,23,20,19,14,21st,23rd
Norway, Sweden,3,1,17,1,6,10 points 2nd,8 points 3rd
Norway, Switzerland,18,3,5,2,5,7 points 4th,2 points 9th
Norway, The Netherlands,11,10,16,17,4,12th,20th
Norway, Ukraine,5,21,2,21,10,3 points 8th,5 points 6th
Norway, United Kingdom,20,9,7,13,12,14th,24th
Poland, Albania,14,9,25,18,15,18th,23rd
Poland, Azerbaijan,21,21,23,22,20,26th,12th
Poland, Belgium,26,17,17,6,1,3 points 8th,19th
Poland, Bulgaria,22,12,14,13,24,21st,15th
Poland, Cyprus,13,20,11,15,17,19th,16th
Poland, Finland,10,11,8,7,10,2 points 9th,6 points 5th
Poland, France,20,14,6,16,19,13th,5 points 6th
Poland, Germany,8,25,18,24,21,20th,18th
Poland, Greece,15,19,19,8,14,15th,14th
Poland, Iceland,2,1,4,1,4,10 points 2nd,8 points 3rd
Poland, Israel,5,4,5,10,9,6 points 5th,22nd
Poland, Italy,17,22,7,2,5,5 points 6th,10 points 2nd
Poland, Lithuania,23,24,24,14,23,24th,4 points 7th
Poland, Malta,6,5,12,9,7,4 points 7th,11th
Poland, Moldova,24,23,26,17,6,16th,21st
Poland, Norway,25,26,15,26,26,25th,3 points 8th
Poland, Portugal,4,7,3,5,2,8 points 3rd,17th
Poland, Russia,3,8,21,25,13,1 point 10th,2 points 9th
Poland, San Marino,1,2,1,3,3,12 points 1st,13th
Poland, Serbia,18,16,20,21,25,23rd,20th
Poland, Spain,19,18,13,23,11,22nd,24th
Poland, Sweden,11,15,16,11,18,17th,1 point 10th
Poland, Switzerland,7,3,2,4,8,7 points 4th,7 points 4th
Poland, The Netherlands,16,6,10,19,22,12th,25th
Poland, Ukraine,9,13,22,20,12,14th,12 points 1st
Poland, United Kingdom,12,10,9,12,16,11th,26th
Portugal, Albania,18,17,17,21,13,19th,24th
Portugal, Azerbaijan,14,14,11,11,14,15th,21st
Portugal, Belgium,9,2,3,9,9,5 points 6th,18th
Portugal, Bulgaria,1,1,10,2,5,12 points 1st,13th
Portugal, Cyprus,16,18,12,16,23,16th,19th
Portugal, Finland,6,13,20,22,3,11th,5 points 6th
Portugal, France,7,5,8,12,1,6 points 5th,12 points 1st
Portugal, Germany,22,12,25,23,15,20th,17th
Portugal, Greece,17,22,22,15,22,22nd,2 points 9th
Portugal, Iceland,3,6,4,5,7,8 points 3rd,3 points 8th
Portugal, Israel,8,8,18,14,10,14th,16th
Portugal, Italy,12,3,16,1,11,3 points 8th,7 points 4th
Portugal, Lithuania,20,20,14,4,8,12th,14th
Portugal, Malta,4,9,7,6,4,4 points 7th,15th
Portugal, Moldova,19,24,23,13,16,21st,8 points 3rd
Portugal, Norway,23,21,24,18,24,25th,11th
Portugal, Russia,5,11,2,3,6,10 points 2nd,1 point 10th
Portugal, San Marino,24,25,15,17,12,18th,23rd
Portugal, Serbia,11,10,9,7,17,13th,20th
Portugal, Spain,15,19,19,25,25,23rd,12th
Portugal, Sweden,13,23,13,20,18,17th,4 points 7th
Portugal, Switzerland,2,15,6,8,2,7 points 4th,6 points 5th
Portugal, The Netherlands,10,4,5,19,20,1 point 10th,22nd
Portugal, Ukraine,21,7,1,10,19,2 points 9th,10 points 2nd
Portugal, United Kingdom,25,16,21,24,21,24th,25th
Romania, Albania,9,26,18,10,17,16th,20th
Romania, Azerbaijan,19,19,16,20,24,24th,4 points 7th
Romania, Belgium,12,6,26,16,26,12th,24th
Romania, Bulgaria,10,15,13,4,6,2 points 9th,14th
Romania, Cyprus,16,20,8,13,19,17th,16th
Romania, Finland,3,4,11,3,3,8 points 3rd,6 points 5th
Romania, France,6,7,5,6,9,4 points 7th,8 points 3rd
Romania, Germany,20,10,12,7,15,1 point 10th,23rd
Romania, Greece,15,18,15,21,16,23rd,21st
Romania, Iceland,26,9,14,26,13,18th,12th
Romania, Israel,8,16,19,12,10,11th,1 point 10th
Romania, Italy,4,12,3,18,18,3 points 8th,10 points 2nd
Romania, Lithuania,22,11,7,24,20,15th,3 points 8th
Romania, Malta,1,1,2,1,1,12 points 1st,2 points 9th
Romania, Moldova,5,5,10,5,7,6 points 5th,12 points 1st
Romania, Norway,18,17,23,9,25,21st,13th
Romania, Portugal,2,3,4,2,4,10 points 2nd,22nd
Romania, Russia,23,22,9,19,12,19th,18th
Romania, San Marino,25,24,20,25,21,26th,17th
Romania, Serbia,13,25,22,23,11,22nd,11th
Romania, Spain,24,14,25,8,23,20th,19th
Romania, Sweden,14,13,21,14,8,13th,15th
Romania, Switzerland,11,8,1,22,2,7 points 4th,5 points 6th
Romania, The Netherlands,7,21,17,15,14,14th,26th
Romania, Ukraine,21,2,6,11,5,5 points 6th,7 points 4th
Romania, United Kingdom,17,23,24,17,22,25th,25th
Russia, Albania,16,15,23,6,14,12th,18th
Russia, Azerbaijan,3,1,8,5,4,8 points 3rd,4 points 7th
Russia, Belgium,9,13,4,22,9,3 points 8th,16th
Russia, Bulgaria,10,8,6,2,3,6 points 5th,20th
Russia, Cyprus,25,6,14,8,7,2 points 9th,12 points 1st
Russia, Finland,13,11,20,12,11,14th,8 points 3rd
Russia, France,18,14,18,16,17,20th,6 points 5th
Russia, Germany,8,25,19,25,24,18th,14th
Russia, Greece,7,3,3,10,2,7 points 4th,15th
Russia, Iceland,22,19,11,18,13,16th,1 point 10th
Russia, Israel,4,4,10,4,6,5 points 6th,19th
Russia, Italy,1,5,2,7,5,10 points 2nd,10 points 2nd
Russia, Lithuania,15,18,15,23,20,22nd,2 points 9th
Russia, Malta,5,7,7,3,10,4 points 7th,13th
Russia, Moldova,2,2,1,1,1,12 points 1st,3 points 8th
Russia, Norway,17,23,25,14,22,24th,11th
Russia, Portugal,20,12,9,20,15,15th,22nd
Russia, San Marino,11,22,22,24,12,19th,21st
Russia, Serbia,23,16,24,17,16,23rd,17th
Russia, Spain,19,21,21,19,19,25th,23rd
Russia, Sweden,6,9,12,21,18,11th,12th
Russia, Switzerland,24,10,5,11,21,1 point 10th,5 points 6th
Russia, The Netherlands,14,17,17,15,23,21st,24th
Russia, Ukraine,12,24,13,13,8,13th,7 points 4th
Russia, United Kingdom,21,20,16,9,25,17th,25th
San Marino, Albania,10,6,11,14,7,2 points 9th,19th
San Marino, Azerbaijan,20,15,18,19,21,23rd,15th
San Marino, Belgium,6,20,22,12,8,13th,23rd
San Marino, Bulgaria,5,11,9,6,13,3 points 8th,2 points 9th
San Marino, Cyprus,9,14,13,16,11,17th,8 points 3rd
San Marino, Finland,14,3,24,10,16,1 point 10th,4 points 7th
San Marino, France,1,2,1,3,1,12 points 1st,10 points 2nd
San Marino, Germany,24,21,25,9,19,19th,21st
San Marino, Greece,4,9,4,4,2,8 points 3rd,7 points 4th
San Marino, Iceland,16,8,16,8,10,12th,13th
San Marino, Israel,13,23,15,17,17,20th,18th
San Marino, Italy,2,1,5,1,4,10 points 2nd,12 points 1st
San Marino, Lithuania,3,10,8,15,6,6 points 5th,12th
San Marino, Malta,7,4,2,20,3,7 points 4th,17th
San Marino, Moldova,8,5,12,18,5,5 points 6th,6 points 5th
San Marino, Norway,19,22,20,21,25,24th,14th
San Marino, Portugal,23,19,6,7,24,15th,20th
San Marino, Russia,11,16,17,5,15,14th,1 point 10th
San Marino, Serbia,25,24,21,2,14,11th,16th
San Marino, Spain,22,18,23,25,23,25th,22nd
San Marino, Sweden,17,12,7,11,18,16th,11th
San Marino, Switzerland,12,7,3,23,9,4 points 7th,3 points 8th
San Marino, The Netherlands,18,25,19,13,20,21st,25th
San Marino, Ukraine,15,13,10,24,12,18th,5 points 6th
San Marino, United Kingdom,21,17,14,22,22,22nd,24th
Serbia, Albania,23,21,17,20,23,23rd,11th
Serbia, Azerbaijan,13,19,12,21,20,20th,4 points 7th
Serbia, Belgium,18,22,23,22,22,24th,21st
Serbia, Bulgaria,1,7,9,19,8,6 points 5th,12th
Serbia, Cyprus,20,18,22,25,15,22nd,2 points 9th
Serbia, Finland,2,4,14,1,4,10 points 2nd,7 points 4th
Serbia, France,8,1,1,5,3,12 points 1st,10 points 2nd
Serbia, Germany,17,25,25,24,24,25th,18th
Serbia, Greece,4,14,15,7,6,3 points 8th,3 points 8th
Serbia, Iceland,11,12,4,2,2,7 points 4th,5 points 6th
Serbia, Israel,22,13,8,3,7,2 points 9th,20th
Serbia, Italy,7,3,6,9,1,8 points 3rd,12 points 1st
Serbia, Lithuania,21,10,18,17,14,18th,13th
Serbia, Malta,10,5,10,11,11,11th,16th
Serbia, Moldova,5,20,24,16,18,16th,22nd
Serbia, Norway,14,6,21,13,9,15th,17th
Serbia, Portugal,3,8,19,4,16,5 points 6th,19th
Serbia, Russia,19,17,7,14,13,17th,6 points 5th
Serbia, San Marino,9,9,5,12,19,13th,15th
Serbia, Spain,12,24,20,10,25,19th,23rd
Serbia, Sweden,16,2,13,15,5,4 points 7th,14th
Serbia, Switzerland,24,15,3,8,10,1 point 10th,1 point 10th
Serbia, The Netherlands,15,16,16,18,21,21st,25th
Serbia, Ukraine,25,11,2,23,12,12th,8 points 3rd
Serbia, United Kingdom,6,23,11,6,17,14th,24th
Slovenia, Albania,10,12,9,15,5,11th,12th
Slovenia, Azerbaijan,9,16,14,17,9,16th,16th
Slovenia, Belgium,6,17,4,20,4,6 points 5th,19th
Slovenia, Bulgaria,19,18,16,19,20,20th,20th
Slovenia, Cyprus,13,9,15,7,12,15th,15th
Slovenia, Finland,12,14,13,3,6,4 points 7th,4 points 7th
Slovenia, France,7,8,5,8,16,2 points 9th,6 points 5th
Slovenia, Germany,24,24,22,24,24,24th,17th
Slovenia, Greece,18,10,10,11,2,3 points 8th,8 points 3rd
Slovenia, Iceland,1,6,3,1,8,10 points 2nd,3 points 8th
Slovenia, Israel,5,11,8,14,7,1 point 10th,22nd
Slovenia, Italy,3,7,2,2,1,12 points 1st,10 points 2nd
Slovenia, Lithuania,21,22,20,16,10,18th,14th
Slovenia, Malta,11,3,12,5,17,5 points 6th,13th
Slovenia, Moldova,23,26,24,22,19,23rd,26th
Slovenia, Norway,17,4,17,13,14,14th,2 points 9th
Slovenia, Portugal,14,20,19,18,18,19th,18th
Slovenia, Russia,2,1,1,9,13,8 points 3rd,1 point 10th
Slovenia, San Marino,26,19,26,21,22,22nd,21st
Slovenia, Serbia,16,5,11,10,15,13th,12 points 1st
Slovenia, Spain,22,21,21,23,21,21st,23rd
Slovenia, Sweden,15,13,18,6,23,17th,11th
Slovenia, Switzerland,4,2,6,4,3,7 points 4th,5 points 6th
Slovenia, The Netherlands,25,23,23,25,25,26th,24th
Slovenia, Ukraine,8,15,7,12,11,12th,7 points 4th
Slovenia, United Kingdom,20,25,25,26,26,25th,25th
Spain, Albania,16,17,13,19,12,17th,25th
Spain, Azerbaijan,12,11,18,15,24,14th,17th
Spain, Belgium,18,18,15,12,22,19th,22nd
Spain, Bulgaria,13,8,5,4,7,4 points 7th,8 points 3rd
Spain, Cyprus,7,6,10,2,6,6 points 5th,13th
Spain, Finland,21,22,20,17,19,23rd,2 points 9th
Spain, France,1,1,1,3,1,12 points 1st,12 points 1st
Spain, Germany,15,24,14,18,18,20th,15th
Spain, Greece,8,19,6,9,8,1 point 10th,21st
Spain, Iceland,6,5,4,11,3,7 points 4th,5 points 6th
Spain, Israel,3,9,9,6,10,3 points 8th,20th
Spain, Italy,17,12,21,14,11,13th,10 points 2nd
Spain, Lithuania,11,4,12,7,14,2 points 9th,4 points 7th
Spain, Malta,5,3,2,8,4,8 points 3rd,3 points 8th
Spain, Moldova,20,21,16,21,17,21st,19th
Spain, Norway,23,25,25,23,15,24th,11th
Spain, Portugal,4,7,8,5,5,5 points 6th,1 point 10th
Spain, Russia,19,14,24,22,23,22nd,14th
Spain, San Marino,9,15,22,20,20,18th,16th
Spain, Serbia,14,20,17,24,9,15th,18th
Spain, Sweden,25,16,11,10,13,12th,12th
Spain, Switzerland,2,2,3,1,2,10 points 2nd,7 points 4th
Spain, The Netherlands,24,10,7,13,16,11th,24th
Spain, Ukraine,22,23,23,25,21,25th,6 points 5th
Spain, United Kingdom,10,13,19,16,25,16th,23rd
Sweden, Albania,20,22,22,23,21,25th,15th
Sweden, Azerbaijan,6,21,14,5,12,13th,18th
Sweden, Belgium,13,23,7,10,3,1 point 10th,16th
Sweden, Bulgaria,8,7,17,7,10,12th,19th
Sweden, Cyprus,11,9,16,6,14,16th,14th
Sweden, Finland,12,8,19,18,5,14th,12 points 1st
Sweden, France,2,4,10,9,8,6 points 5th,6 points 5th
Sweden, Germany,21,13,20,12,24,20th,21st
Sweden, Greece,24,20,23,17,19,23rd,17th
Sweden, Iceland,3,12,2,13,7,7 points 4th,10 points 2nd
Sweden, Israel,15,15,4,1,16,4 points 7th,20th
Sweden, Italy,5,1,3,20,6,10 points 2nd,3 points 8th
Sweden, Lithuania,9,10,5,19,22,15th,7 points 4th
Sweden, Malta,7,3,6,2,1,12 points 1st,2 points 9th
Sweden, Moldova,18,18,21,24,25,24th,13th
Sweden, Norway,19,6,11,3,9,2 points 9th,8 points 3rd
Sweden, Portugal,16,17,15,8,2,11th,11th
Sweden, Russia,4,5,9,11,13,3 points 8th,12th
Sweden, San Marino,22,11,18,22,11,19th,23rd
Sweden, Serbia,17,24,13,21,20,21st,1 point 10th
Sweden, Spain,25,25,24,16,17,22nd,24th
Sweden, Switzerland,10,2,8,15,4,5 points 6th,5 points 6th
Sweden, The Netherlands,14,19,12,14,15,18th,22nd
Sweden, Ukraine,1,14,1,25,23,8 points 3rd,4 points 7th
Sweden, United Kingdom,23,16,25,4,18,17th,25th
Switzerland, Albania,10,14,6,10,13,11th,7 points 4th
Switzerland, Azerbaijan,19,10,1,19,11,2 points 9th,19th
Switzerland, Belgium,16,11,22,17,17,20th,21st
Switzerland, Bulgaria,1,4,5,3,7,10 points 2nd,16th
Switzerland, Cyprus,5,9,18,14,21,13th,20th
Switzerland, Finland,11,7,9,5,9,1 point 10th,4 points 7th
Switzerland, France,3,2,8,1,1,12 points 1st,6 points 5th
Switzerland, Germany,25,18,20,22,22,23rd,14th
Switzerland, Greece,6,15,11,15,18,14th,13th
Switzerland, Iceland,15,6,21,4,5,5 points 6th,5 points 6th
Switzerland, Israel,17,20,7,8,23,16th,18th
Switzerland, Italy,14,1,14,2,2,8 points 3rd,10 points 2nd
Switzerland, Lithuania,7,8,3,13,14,4 points 7th,1 point 10th
Switzerland, Malta,8,5,4,7,3,6 points 5th,12th
Switzerland, Moldova,24,24,17,25,24,24th,23rd
Switzerland, Norway,20,25,25,23,25,25th,15th
Switzerland, Portugal,2,3,16,6,4,7 points 4th,8 points 3rd
Switzerland, Russia,21,17,2,11,6,3 points 8th,11th
Switzerland, San Marino,13,12,12,16,20,18th,24th
Switzerland, Serbia,12,22,10,24,15,19th,12 points 1st
Switzerland, Spain,18,19,13,20,16,21st,17th
Switzerland, Sweden,4,13,23,18,10,12th,3 points 8th
Switzerland, The Netherlands,9,16,24,12,8,15th,22nd
Switzerland, Ukraine,23,21,15,9,12,17th,2 points 9th
Switzerland, United Kingdom,22,23,19,21,19,22nd,25th
The Netherlands, Albania,11,11,9,8,20,1 point 10th,22nd
The Netherlands, Azerbaijan,8,6,18,13,11,2 points 9th,16th
The Netherlands, Belgium,6,3,6,3,6,6 points 5th,15th
The Netherlands, Bulgaria,15,12,16,19,17,17th,14th
The Netherlands, Cyprus,13,24,21,22,24,21st,20th
The Netherlands, Finland,19,14,13,10,15,14th,4 points 7th
The Netherlands, France,2,2,2,2,3,12 points 1st,12 points 1st
The Netherlands, Germany,23,25,24,25,23,25th,18th
The Netherlands, Greece,20,18,11,18,19,18th,10 points 2nd
The Netherlands, Iceland,1,10,1,4,1,10 points 2nd,8 points 3rd
The Netherlands, Israel,9,4,3,5,7,4 points 7th,17th
The Netherlands, Italy,12,13,17,12,12,13th,2 points 9th
The Netherlands, Lithuania,18,15,14,11,13,15th,3 points 8th
The Netherlands, Malta,3,5,4,7,2,7 points 4th,1 point 10th
The Netherlands, Moldova,25,23,23,24,25,24th,25th
The Netherlands, Norway,16,17,20,16,10,16th,13th
The Netherlands, Portugal,5,16,12,17,14,12th,6 points 5th
The Netherlands, Russia,4,1,5,6,4,8 points 3rd,11th
The Netherlands, San Marino,21,21,19,14,16,20th,21st
The Netherlands, Serbia,24,22,22,23,22,23rd,19th
The Netherlands, Spain,14,19,15,21,18,19th,24th
The Netherlands, Sweden,17,8,10,15,9,11th,12th
The Netherlands, Switzerland,7,7,7,1,5,5 points 6th,7 points 4th
The Netherlands, Ukraine,10,9,8,9,8,3 points 8th,5 points 6th
The Netherlands, United Kingdom,22,20,25,20,21,22nd,23rd
Ukraine, Albania,23,22,15,24,22,24th,21st
Ukraine, Azerbaijan,9,15,11,8,3,3 points 8th,3 points 8th
Ukraine, Belgium,3,10,3,5,20,6 points 5th,1 point 10th
Ukraine, Bulgaria,14,9,16,10,16,14th,17th
Ukraine, Cyprus,8,12,13,18,24,16th,15th
Ukraine, Finland,19,14,9,14,14,17th,8 points 3rd
Ukraine, France,12,1,10,2,2,10 points 2nd,5 points 6th
Ukraine, Germany,18,21,19,21,13,20th,14th
Ukraine, Greece,16,6,20,13,21,15th,16th
Ukraine, Iceland,11,8,5,7,6,4 points 7th,6 points 5th
Ukraine, Israel,4,5,2,17,4,7 points 4th,13th
Ukraine, Italy,1,2,4,1,1,12 points 1st,12 points 1st
Ukraine, Lithuania,13,11,8,9,7,11th,10 points 2nd
Ukraine, Malta,6,3,6,6,10,5 points 6th,11th
Ukraine, Moldova,15,13,24,20,19,19th,18th
Ukraine, Norway,2,19,14,19,11,1 point 10th,12th
Ukraine, Portugal,7,17,7,12,5,2 points 9th,19th
Ukraine, Russia,17,25,25,15,25,22nd,4 points 7th
Ukraine, San Marino,25,18,23,25,17,25th,20th
Ukraine, Serbia,24,16,22,16,23,21st,22nd
Ukraine, Spain,21,20,18,4,15,13th,25th
Ukraine, Sweden,10,7,12,11,8,12th,2 points 9th
Ukraine, Switzerland,5,4,1,3,12,8 points 3rd,7 points 4th
Ukraine, The Netherlands,20,24,17,23,18,23rd,24th
Ukraine, United Kingdom,22,23,21,22,9,18th,23rd
United Kingdom, Albania,21,15,16,18,19,22nd,21st
United Kingdom, Azerbaijan,25,9,19,22,17,19th,19th
United Kingdom, Belgium,11,6,9,6,22,1 point 10th,25th
United Kingdom, Bulgaria,13,4,6,7,5,5 points 6th,8 points 3rd
United Kingdom, Cyprus,15,23,17,14,13,21st,13th
United Kingdom, Finland,3,16,4,13,8,4 points 7th,7 points 4th
United Kingdom, France,4,1,3,2,2,12 points 1st,5 points 6th
United Kingdom, Germany,16,25,24,23,15,24th,15th
United Kingdom, Greece,18,12,22,12,23,20th,16th
United Kingdom, Iceland,5,14,2,1,1,10 points 2nd,10 points 2nd
United Kingdom, Israel,1,5,11,11,12,6 points 5th,18th
United Kingdom, Italy,14,24,14,15,9,17th,3 points 8th
United Kingdom, Lithuania,22,13,21,20,25,23rd,12 points 1st
United Kingdom, Malta,12,18,15,10,11,16th,6 points 5th
United Kingdom, Moldova,23,2,23,17,21,13th,20th
United Kingdom, Norway,20,22,25,25,16,25th,2 points 9th
United Kingdom, Portugal,2,19,5,9,3,7 points 4th,11th
United Kingdom, Russia,17,7,13,16,18,15th,14th
United Kingdom, San Marino,10,10,10,4,10,3 points 8th,17th
United Kingdom, Serbia,19,11,18,8,4,12th,23rd
United Kingdom, Spain,8,17,12,5,7,2 points 9th,24th
United Kingdom, Sweden,7,21,7,19,24,14th,12th
United Kingdom, Switzerland,9,3,1,3,14,8 points 3rd,1 point 10th
United Kingdom, The Netherlands,6,20,8,21,6,11th,22nd
United Kingdom, Ukraine,24,8,20,24,20,18th,4 points 7th
