points_from,points_to,juror_a_ranking,juror_b_ranking,juror_c_ranking,juror_d_ranking,juror_e_ranking,jury_rank,televote_rank,jury_points,televote_points
Albania, Azerbaijan,14,6,23,5,8,9,14,2,0
Albania, Belgium,23,22,19,25,21,25,25,0,0
Albania, Bulgaria,22,25,8,21,24,17,6,0,5
Albania, Cyprus,3,5,4,8,6,4,9,7,2
Albania, Finland,6,9,7,12,10,8,8,3,3
Albania, France,2,1,3,2,2,2,5,10,6
Albania, Germany,18,15,12,10,22,13,15,0,0
Albania, Greece,4,10,5,4,9,5,3,6,8
Albania, Iceland,8,13,10,11,11,11,21,0,0
Albania, Israel,13,7,9,16,12,12,22,0,0
Albania, Italy,16,4,21,7,3,7,2,4,10
Albania, Lithuania,9,18,15,22,20,16,13,0,0
Albania, Malta,7,3,2,3,4,3,12,8,0
Albania, Moldova,25,24,11,20,23,20,4,0,7
Albania, Norway,19,20,13,23,25,23,19,0,0
Albania, Portugal,21,12,20,15,17,18,23,0,0
Albania, Russia,15,14,18,13,13,14,17,0,0
Albania, San Marino,5,8,6,9,5,6,11,5,0
Albania, Serbia,11,11,17,6,7,10,16,1,0
Albania, Spain,12,21,16,18,19,19,18,0,0
Albania, Sweden,10,19,14,19,16,15,10,0,1
Albania, Switzerland,1,2,1,1,1,1,1,12,12
Albania, The Netherlands,17,23,24,14,18,22,24,0,0
Albania, Ukraine,20,16,25,17,15,21,7,0,4
Albania, United Kingdom,24,17,22,24,14,24,20,0,0
Australia, Albania,25,23,22,24,24,26,24,0,0
Australia, Azerbaijan,20,13,19,17,21,21,17,0,0
Australia, Belgium,23,22,21,26,25,25,23,0,0
Australia, Bulgaria,6,11,9,7,17,9,16,2,0
Australia, Cyprus,5,5,7,9,13,7,14,4,0
Australia, Finland,16,25,23,8,15,18,8,0,3
Australia, France,15,3,2,1,5,4,7,7,4
Australia, Germany,26,26,26,10,26,22,19,0,0
Australia, Greece,13,9,17,18,11,13,11,0,0
Australia, Iceland,2,7,1,6,3,3,1,8,12
Australia, Israel,12,14,14,25,9,14,15,0,0
Australia, Italy,7,24,4,3,4,5,4,6,7
Australia, Lithuania,17,12,10,20,8,11,5,0,6
Australia, Malta,1,2,3,4,1,1,3,12,8
Australia, Moldova,22,20,25,15,22,24,25,0,0
Australia, Norway,18,17,18,16,20,23,10,0,1
Australia, Portugal,10,15,15,23,10,15,18,0,0
Australia, Russia,9,10,13,14,16,10,12,1,0
Australia, San Marino,19,19,12,11,14,17,13,0,0
Australia, Serbia,24,6,20,12,23,12,9,0,2
Australia, Spain,21,8,16,21,19,19,26,0,0
Australia, Sweden,14,18,11,19,12,16,20,0,0
Australia, Switzerland,4,1,8,2,2,2,6,10,5
Australia, The Netherlands,3,16,6,13,7,8,22,3,0
Australia, Ukraine,11,4,5,5,6,6,2,5,10
Australia, United Kingdom,8,21,24,22,18,20,21,0,0
Austria, Albania,22,24,25,19,18,26,13,0,0
Austria, Azerbaijan,19,19,24,20,22,25,17,0,0
Austria, Belgium,20,17,16,10,14,17,21,0,0
Austria, Bulgaria,2,3,9,7,9,6,11,5,0
Austria, Cyprus,15,25,13,9,21,16,20,0,0
Austria, Finland,9,10,7,15,8,10,7,1,4
Austria, France,7,1,5,6,2,3,5,8,6
Austria, Germany,5,9,18,26,7,9,15,2,0
Austria, Greece,12,21,12,13,25,18,19,0,0
Austria, Iceland,1,5,1,8,3,1,2,12,10
Austria, Israel,16,12,14,17,20,19,18,0,0
Austria, Italy,11,7,3,2,1,5,3,6,8
Austria, Lithuania,21,13,11,14,15,15,8,0,3
Austria, Malta,3,6,8,22,11,7,9,4,2
Austria, Moldova,23,22,22,11,26,21,24,0,0
Austria, Norway,26,18,6,16,24,13,10,0,1
Austria, Portugal,6,4,4,1,5,4,14,7,0
Austria, Russia,17,20,23,3,12,11,12,0,0
Austria, San Marino,13,26,17,24,23,22,22,0,0
Austria, Serbia,18,11,19,18,10,14,1,0,12
Austria, Spain,8,23,15,12,13,12,25,0,0
Austria, Sweden,24,16,20,23,17,24,16,0,0
Austria, Switzerland,4,2,2,4,4,2,6,10,5
Austria, The Netherlands,10,8,10,5,6,8,23,3,0
Austria, Ukraine,25,14,21,25,16,23,4,0,7
Austria, United Kingdom,14,15,26,21,19,20,26,0,0
Azerbaijan, Albania,20,10,19,25,18,20,21,0,0
Azerbaijan, Belgium,16,15,7,19,2,8,17,3,0
Azerbaijan, Bulgaria,7,12,13,6,10,10,20,1,0
Azerbaijan, Cyprus,10,16,23,21,19,19,15,0,0
Azerbaijan, Finland,13,14,5,9,11,13,6,0,5
Azerbaijan, France,9,13,16,4,4,7,9,4,2
Azerbaijan, Germany,22,24,21,24,21,23,19,0,0
Azerbaijan, Greece,6,6,2,1,8,2,11,10,0
Azerbaijan, Iceland,19,8,18,16,17,17,16,0,0
Azerbaijan, Israel,11,17,15,12,14,16,1,0,12
Azerbaijan, Italy,14,19,6,14,6,14,2,0,10
Azerbaijan, Lithuania,21,23,20,13,22,22,14,0,0
Azerbaijan, Malta,5,7,12,2,1,4,12,7,0
Azerbaijan, Moldova,2,4,4,5,7,3,10,8,1
Azerbaijan, Norway,18,9,8,18,16,15,4,0,7
Azerbaijan, Portugal,12,3,14,8,12,9,25,2,0
Azerbaijan, Russia,1,1,3,3,3,1,5,12,6
Azerbaijan, San Marino,8,11,11,7,9,11,8,0,3
Azerbaijan, Serbia,24,18,10,11,24,18,18,0,0
Azerbaijan, Spain,17,21,25,20,13,21,24,0,0
Azerbaijan, Sweden,4,20,1,15,20,6,13,5,0
Azerbaijan, Switzerland,15,2,17,17,15,12,7,0,4
Azerbaijan, The Netherlands,25,25,22,23,23,25,23,0,0
Azerbaijan, Ukraine,3,5,9,10,5,5,3,6,8
Azerbaijan, United Kingdom,23,22,24,22,25,24,22,0,0
Belgium, Albania,18,21,23,20,22,20,15,0,0
Belgium, Azerbaijan,22,23,20,25,19,23,13,0,0
Belgium, Bulgaria,7,11,4,4,4,5,14,6,0
Belgium, Cyprus,14,19,18,11,12,17,17,0,0
Belgium, Finland,6,4,5,1,2,3,5,8,6
Belgium, France,15,9,12,17,15,15,1,0,12
Belgium, Germany,23,24,24,23,25,24,20,0,0
Belgium, Greece,20,16,15,15,17,18,12,0,0
Belgium, Iceland,4,7,11,5,11,8,6,3,5
Belgium, Israel,10,17,10,18,16,16,19,0,0
Belgium, Italy,17,15,16,6,7,9,3,2,8
Belgium, Lithuania,9,14,14,14,10,13,4,0,7
Belgium, Malta,5,5,3,12,14,6,9,5,2
Belgium, Moldova,25,25,25,24,24,25,24,0,0
Belgium, Norway,16,13,13,9,13,14,10,0,1
Belgium, Portugal,12,12,9,13,8,10,11,1,0
Belgium, Russia,3,3,2,7,3,4,16,7,0
Belgium, San Marino,19,22,22,19,23,22,23,0,0
Belgium, Serbia,24,18,19,22,21,19,22,0,0
Belgium, Spain,13,8,17,16,9,12,21,0,0
Belgium, Sweden,8,6,7,8,5,7,8,4,3
Belgium, Switzerland,2,1,1,3,1,1,7,12,4
Belgium, The Netherlands,11,10,8,10,18,11,18,0,0
Belgium, Ukraine,1,2,6,2,6,2,2,10,10
Belgium, United Kingdom,21,20,21,21,20,21,25,0,0
Bulgaria, Albania,23,21,15,14,25,23,19,0,0
Bulgaria, Azerbaijan,20,25,22,23,18,25,7,0,4
Bulgaria, Belgium,3,20,20,24,23,12,21,0,0
Bulgaria, Cyprus,12,22,19,10,12,16,13,0,0
Bulgaria, Finland,21,15,7,8,7,10,3,1,8
Bulgaria, France,18,5,3,6,1,4,2,7,10
Bulgaria, Germany,15,16,25,22,24,24,16,0,0
Bulgaria, Greece,2,2,10,3,5,3,9,8,2
Bulgaria, Iceland,16,11,12,20,22,20,11,0,0
Bulgaria, Israel,13,10,9,2,13,8,14,3,0
Bulgaria, Italy,5,4,1,7,3,2,1,10,12
Bulgaria, Lithuania,17,18,16,21,9,19,17,0,0
Bulgaria, Malta,9,8,4,4,4,6,20,5,0
Bulgaria, Moldova,1,1,5,1,6,1,15,12,0
Bulgaria, Norway,8,13,17,18,16,15,12,0,0
Bulgaria, Portugal,10,7,6,5,2,5,18,6,0
Bulgaria, Russia,22,9,11,25,19,17,4,0,7
Bulgaria, San Marino,25,19,18,16,15,22,23,0,0
Bulgaria, Serbia,24,24,21,11,14,21,6,0,5
Bulgaria, Spain,14,3,2,9,17,7,22,4,0
Bulgaria, Sweden,6,14,14,15,11,11,10,0,1
Bulgaria, Switzerland,7,23,13,13,10,13,8,0,3
Bulgaria, The Netherlands,4,12,8,19,20,9,24,2,0
Bulgaria, Ukraine,19,17,24,17,8,18,5,0,6
Bulgaria, United Kingdom,11,6,23,12,21,14,25,0,0
Croatia, Albania,10,13,12,14,9,12,10,0,1
Croatia, Azerbaijan,19,21,16,20,18,19,9,0,2
Croatia, Belgium,15,16,9,24,14,14,23,0,0
Croatia, Bulgaria,16,12,15,23,15,17,17,0,0
Croatia, Cyprus,5,6,17,15,13,11,15,0,0
Croatia, Finland,21,17,14,9,19,15,5,0,6
Croatia, France,2,7,2,8,5,5,4,6,7
Croatia, Germany,26,25,23,17,22,23,19,0,0
Croatia, Greece,23,20,22,21,24,24,21,0,0
Croatia, Iceland,14,3,4,1,3,2,7,10,4
Croatia, Israel,4,4,6,6,7,6,20,5,0
Croatia, Italy,1,2,3,2,4,1,2,12,10
Croatia, Lithuania,11,11,8,5,6,9,12,2,0
Croatia, Malta,7,8,13,3,11,8,14,3,0
Croatia, Moldova,24,26,26,22,23,25,22,0,0
Croatia, Norway,20,23,21,18,26,22,13,0,0
Croatia, Portugal,13,10,10,4,10,10,18,1,0
Croatia, Russia,3,9,5,11,8,7,8,4,3
Croatia, San Marino,17,22,24,19,21,21,16,0,0
Croatia, Serbia,6,1,7,7,2,4,1,7,12
Croatia, Spain,22,19,19,25,16,20,25,0,0
Croatia, Sweden,12,15,20,12,17,16,11,0,0
Croatia, Switzerland,9,5,1,10,1,3,6,8,5
Croatia, The Netherlands,18,18,18,13,20,18,26,0,0
Croatia, Ukraine,8,14,11,16,12,13,3,0,8
Croatia, United Kingdom,25,24,25,26,25,26,24,0,0
Cyprus, Albania,19,20,17,17,17,20,21,0,0
Cyprus, Azerbaijan,17,17,19,14,16,19,14,0,0
Cyprus, Belgium,11,1,14,15,18,7,20,4,0
Cyprus, Bulgaria,14,8,9,2,23,6,4,5,7
Cyprus, Finland,22,9,24,8,2,8,7,3,4
Cyprus, France,3,7,8,6,5,4,3,7,8
Cyprus, Germany,24,25,21,25,22,25,18,0,0
Cyprus, Greece,1,2,1,1,1,1,1,12,12
Cyprus, Iceland,10,6,18,11,19,15,15,0,0
Cyprus, Israel,9,12,13,16,11,17,9,0,2
Cyprus, Italy,4,4,5,5,4,3,2,8,10
Cyprus, Lithuania,6,16,15,20,7,13,6,0,5
Cyprus, Malta,2,3,4,3,3,2,10,10,1
Cyprus, Moldova,12,11,10,10,14,16,25,0,0
Cyprus, Norway,16,18,16,18,8,18,16,0,0
Cyprus, Portugal,7,13,3,19,24,10,17,1,0
Cyprus, Russia,5,5,6,7,6,5,8,6,3
Cyprus, San Marino,13,10,11,9,9,12,19,0,0
Cyprus, Serbia,25,21,23,21,13,22,12,0,0
Cyprus, Spain,21,24,12,23,20,21,22,0,0
Cyprus, Sweden,8,15,7,13,12,11,13,0,0
Cyprus, Switzerland,15,14,2,12,15,9,11,2,0
Cyprus, The Netherlands,23,23,22,22,25,24,23,0,0
Cyprus, Ukraine,18,22,25,4,10,14,5,0,6
Cyprus, United Kingdom,20,19,20,24,21,23,24,0,0
Czech Republic, Albania,21,25,18,26,19,25,23,0,0
Czech Republic, Azerbaijan,19,19,19,20,22,23,17,0,0
Czech Republic, Belgium,22,4,10,7,10,8,19,3,0
Czech Republic, Bulgaria,11,2,9,9,4,7,12,4,0
Czech Republic, Cyprus,15,21,24,17,20,22,20,0,0
Czech Republic, Finland,8,12,8,8,8,10,7,1,4
Czech Republic, France,6,11,1,1,1,2,9,10,2
Czech Republic, Germany,25,6,15,22,25,14,18,0,0
Czech Republic, Greece,16,9,13,12,15,12,3,0,8
Czech Republic, Iceland,4,1,5,4,5,3,4,8,7
Czech Republic, Israel,14,23,16,14,12,17,15,0,0
Czech Republic, Italy,1,14,7,3,7,5,5,6,6
Czech Republic, Lithuania,12,20,14,25,24,21,10,0,1
Czech Republic, Malta,2,16,3,6,3,4,14,7,0
Czech Republic, Moldova,24,26,26,24,26,26,1,0,12
Czech Republic, Norway,26,10,23,19,21,20,13,0,0
Czech Republic, Portugal,3,3,2,2,2,1,21,12,0
Czech Republic, Russia,7,22,4,10,11,9,6,2,5
Czech Republic, San Marino,23,18,21,21,18,24,22,0,0
Czech Republic, Serbia,9,24,17,16,13,16,11,0,0
Czech Republic, Spain,10,13,11,23,17,15,24,0,0
Czech Republic, Sweden,20,17,22,18,9,18,16,0,0
Czech Republic, Switzerland,5,7,6,5,6,6,8,5,3
Czech Republic, The Netherlands,17,15,20,13,14,19,25,0,0
Czech Republic, Ukraine,13,5,12,15,23,11,2,0,10
Czech Republic, United Kingdom,18,8,25,11,16,13,26,0,0
Denmark, Albania,1,16,11,21,2,4,25,7,0
Denmark, Azerbaijan,12,23,9,12,21,20,17,0,0
Denmark, Belgium,24,17,21,19,9,23,16,0,0
Denmark, Bulgaria,16,9,20,2,3,5,18,6,0
Denmark, Cyprus,7,10,7,13,12,13,13,0,0
Denmark, Finland,8,5,14,3,4,3,4,8,7
Denmark, France,10,7,19,14,23,18,8,0,3
Denmark, Germany,13,25,26,26,22,26,14,0,0
Denmark, Greece,18,21,3,20,8,14,15,0,0
Denmark, Iceland,3,2,4,8,11,2,1,10,12
Denmark, Israel,20,18,2,9,25,10,21,1,0
Denmark, Italy,23,14,23,22,10,24,6,0,5
Denmark, Lithuania,21,19,13,18,16,25,7,0,4
Denmark, Malta,15,3,5,16,14,7,9,4,2
Denmark, Moldova,11,26,15,10,13,19,24,0,0
Denmark, Norway,25,20,6,5,7,8,3,3,8
Denmark, Portugal,14,8,18,7,24,16,11,0,0
Denmark, Russia,17,4,22,25,26,17,12,0,0
Denmark, San Marino,2,13,12,17,6,6,20,5,0
Denmark, Serbia,9,22,16,24,18,22,23,0,0
Denmark, Spain,22,11,10,23,5,15,26,0,0
Denmark, Sweden,6,15,8,6,20,9,2,2,10
Denmark, Switzerland,5,1,1,4,1,1,5,12,6
Denmark, The Netherlands,4,6,24,15,17,12,19,0,0
Denmark, Ukraine,26,24,17,1,19,11,10,0,1
Denmark, United Kingdom,19,12,25,11,15,21,22,0,0
Estonia, Albania,14,20,16,18,20,21,25,0,0
Estonia, Azerbaijan,22,18,12,26,18,23,14,0,0
Estonia, Belgium,16,10,15,16,21,19,15,0,0
Estonia, Bulgaria,6,6,4,2,8,5,11,6,0
Estonia, Cyprus,20,8,10,12,24,14,16,0,0
Estonia, Finland,3,7,9,6,1,4,1,7,12
Estonia, France,5,1,3,4,2,2,4,10,7
Estonia, Germany,26,25,26,24,11,24,18,0,0
Estonia, Greece,9,17,18,9,22,18,17,0,0
Estonia, Iceland,2,4,8,3,7,3,8,8,3
Estonia, Israel,13,11,14,8,13,13,21,0,0
Estonia, Italy,15,5,13,21,4,8,3,3,8
Estonia, Lithuania,12,12,7,10,10,9,2,2,10
Estonia, Malta,18,9,17,7,9,10,13,1,0
Estonia, Moldova,25,26,25,25,26,26,19,0,0
Estonia, Norway,11,19,21,23,25,22,7,0,4
Estonia, Portugal,17,3,11,5,6,6,12,5,0
Estonia, Russia,23,23,6,22,12,17,5,0,6
Estonia, San Marino,24,16,19,14,15,20,20,0,0
Estonia, Serbia,10,14,5,19,16,11,23,0,0
Estonia, Spain,4,24,23,13,19,12,24,0,0
Estonia, Sweden,8,15,22,11,14,16,10,0,1
Estonia, Switzerland,1,2,2,1,3,1,9,12,2
Estonia, The Netherlands,21,21,24,15,5,15,26,0,0
Estonia, Ukraine,7,13,1,20,23,7,6,4,5
Estonia, United Kingdom,19,22,20,17,17,25,22,0,0
Finland, Albania,9,9,16,24,11,14,18,0,0
Finland, Azerbaijan,13,24,24,16,24,21,15,0,0
Finland, Belgium,15,13,9,17,12,15,14,0,0
Finland, Bulgaria,2,1,2,5,2,2,16,10,0
Finland, Cyprus,20,22,22,15,16,22,17,0,0
Finland, France,1,18,4,6,3,4,5,7,6
Finland, Germany,22,16,17,20,18,23,19,0,0
Finland, Greece,8,7,8,10,14,9,13,2,0
Finland, Iceland,5,10,3,1,5,3,1,8,12
Finland, Israel,17,6,15,13,7,11,21,0,0
Finland, Italy,3,4,10,4,4,5,3,6,8
Finland, Lithuania,10,5,11,7,20,8,6,3,5
Finland, Malta,6,11,21,22,6,10,11,1,0
Finland, Moldova,23,20,25,21,25,25,9,0,2
Finland, Norway,16,23,6,14,23,16,7,0,4
Finland, Portugal,11,15,12,8,10,13,12,0,0
Finland, Russia,24,3,18,9,8,7,10,4,1
Finland, San Marino,14,19,19,23,22,24,20,0,0
Finland, Serbia,12,21,14,25,9,18,22,0,0
Finland, Spain,21,17,7,18,13,17,25,0,0
Finland, Sweden,7,14,13,2,19,6,8,5,3
Finland, Switzerland,4,2,1,3,1,1,4,12,7
Finland, The Netherlands,18,8,20,19,21,19,23,0,0
Finland, Ukraine,25,12,5,11,15,12,2,0,10
Finland, United Kingdom,19,25,23,12,17,20,24,0,0
France, Albania,16,4,16,22,11,15,15,0,0
France, Azerbaijan,24,13,22,17,16,25,18,0,0
France, Belgium,17,2,11,3,13,5,21,6,0
France, Bulgaria,14,12,18,2,25,13,17,0,0
France, Cyprus,8,15,12,12,3,9,22,2,0
France, Finland,19,16,1,20,19,12,10,0,1
France, Germany,18,9,13,24,5,16,13,0,0
France, Greece,2,23,4,5,1,1,20,12,0
France, Iceland,20,7,7,9,4,8,7,3,4
France, Israel,4,5,10,7,15,6,6,5,5
France, Italy,23,10,3,8,22,11,2,0,10
France, Lithuania,21,21,6,19,6,14,11,0,0
France, Malta,9,11,25,13,9,18,16,0,0
France, Moldova,6,22,14,21,8,17,4,0,7
France, Norway,15,20,23,18,12,23,14,0,0
France, Portugal,1,6,8,4,21,3,3,8,8
France, Russia,5,3,5,1,18,2,12,10,0
France, San Marino,13,17,9,6,2,7,24,4,0
France, Serbia,25,25,17,16,10,22,8,0,3
France, Spain,11,14,20,15,23,21,19,0,0
France, Sweden,10,18,2,11,17,10,9,1,2
France, Switzerland,3,1,15,10,20,4,5,7,6
France, The Netherlands,7,19,19,14,24,20,23,0,0
France, Ukraine,22,8,24,25,7,19,1,0,12
France, United Kingdom,12,24,21,23,14,24,25,0,0
Georgia, Albania,19,23,19,22,23,23,22,0,0
Georgia, Azerbaijan,8,14,6,2,6,6,8,5,3
Georgia, Belgium,14,13,20,20,18,17,18,0,0
Georgia, Bulgaria,7,7,4,12,4,7,13,4,0
Georgia, Cyprus,15,20,14,18,26,18,16,0,0
Georgia, Finland,11,9,25,9,13,12,15,0,0
Georgia, France,26,12,10,16,11,13,6,0,5
Georgia, Germany,23,15,11,13,12,15,17,0,0
Georgia, Greece,21,25,22,15,21,20,1,0,12
Georgia, Iceland,3,3,7,10,8,5,10,6,1
Georgia, Israel,13,16,15,11,15,16,14,0,0
Georgia, Italy,1,1,3,3,1,1,3,12,8
Georgia, Lithuania,4,6,8,5,10,8,2,3,10
Georgia, Malta,12,10,9,7,16,10,12,1,0
Georgia, Moldova,24,24,23,17,25,26,9,0,2
Georgia, Norway,16,19,12,19,9,14,19,0,0
Georgia, Portugal,5,4,1,6,3,3,21,8,0
Georgia, Russia,25,26,16,26,17,21,7,0,4
Georgia, San Marino,18,21,24,24,24,25,4,0,7
Georgia, Serbia,20,22,21,23,20,24,25,0,0
Georgia, Spain,17,18,17,21,22,19,23,0,0
Georgia, Sweden,10,11,13,8,14,11,20,0,0
Georgia, Switzerland,2,2,2,1,2,2,11,10,0
Georgia, The Netherlands,9,8,18,14,7,9,24,2,0
Georgia, Ukraine,6,5,5,4,5,4,5,7,6
Georgia, United Kingdom,22,17,26,25,19,22,26,0,0
Germany, Albania,25,22,23,18,21,23,16,0,0
Germany, Azerbaijan,19,10,15,7,19,15,17,0,0
Germany, Belgium,5,19,19,6,15,11,21,0,0
Germany, Bulgaria,23,7,10,15,20,16,15,0,0
Germany, Cyprus,8,1,4,16,6,4,19,7,0
Germany, Finland,7,17,13,19,18,18,3,0,8
Germany, France,3,2,6,3,4,1,2,12,10
Germany, Greece,13,20,21,20,23,22,14,0,0
Germany, Iceland,4,9,8,5,12,8,5,3,6
Germany, Israel,10,11,12,22,10,14,18,0,0
Germany, Italy,16,3,7,13,1,5,4,6,7
Germany, Lithuania,9,8,5,8,13,10,1,1,12
Germany, Malta,2,4,11,1,7,3,12,8,0
Germany, Moldova,18,24,25,21,22,24,25,0,0
Germany, Norway,17,15,18,12,17,19,10,0,1
Germany, Portugal,21,6,14,14,14,12,11,0,0
Germany, Russia,11,12,2,9,9,9,6,2,5
Germany, San Marino,14,14,20,11,8,17,23,0,0
Germany, Serbia,22,21,24,17,11,21,8,0,3
Germany, Spain,24,25,22,25,24,25,22,0,0
Germany, Sweden,1,18,3,10,16,7,13,4,0
Germany, Switzerland,12,5,1,4,2,2,9,10,2
Germany, The Netherlands,15,16,17,24,5,13,20,0,0
Germany, Ukraine,6,13,16,2,3,6,7,5,4
Germany, United Kingdom,20,23,9,23,25,20,24,0,0
Greece, Albania,12,11,12,9,10,17,4,0,7
Greece, Azerbaijan,10,8,11,10,6,12,9,0,2
Greece, Belgium,14,10,14,1,23,8,18,3,0
Greece, Bulgaria,6,2,5,5,9,3,12,8,0
Greece, Cyprus,3,3,1,2,1,1,1,12,12
Greece, Finland,19,17,19,25,18,22,5,0,6
Greece, France,1,13,10,13,14,6,3,5,8
Greece, Germany,24,25,24,19,22,25,20,0,0
Greece, Iceland,2,14,16,18,15,13,11,0,0
Greece, Israel,9,21,21,3,19,15,22,0,0
Greece, Italy,15,1,13,15,12,7,2,4,10
Greece, Lithuania,20,22,4,7,8,11,13,0,0
Greece, Malta,8,6,9,8,4,5,8,6,3
Greece, Moldova,5,5,6,4,3,2,21,10,0
Greece, Norway,22,20,22,14,20,21,14,0,0
Greece, Portugal,17,19,2,21,24,16,19,0,0
Greece, Russia,4,12,8,16,7,9,10,2,1
Greece, San Marino,7,4,7,6,5,4,17,7,0
Greece, Serbia,13,16,18,12,17,19,16,0,0
Greece, Spain,21,18,20,24,11,20,23,0,0
Greece, Sweden,18,9,23,11,25,18,15,0,0
Greece, Switzerland,11,15,3,17,16,14,7,0,4
Greece, The Netherlands,25,24,25,20,13,23,25,0,0
Greece, Ukraine,16,7,17,23,2,10,6,1,5
Greece, United Kingdom,23,23,15,22,21,24,24,0,0
Iceland, Albania,11,13,5,20,17,11,24,0,0
Iceland, Azerbaijan,22,21,23,23,16,23,15,0,0
Iceland, Belgium,10,19,15,9,15,14,19,0,0
Iceland, Bulgaria,2,3,8,2,6,3,16,8,0
Iceland, Cyprus,20,11,20,21,14,19,13,0,0
Iceland, Finland,6,10,7,4,5,6,1,5,12
Iceland, France,7,2,1,10,8,5,4,6,7
Iceland, Germany,24,22,24,24,25,24,17,0,0
Iceland, Greece,18,4,10,6,3,7,12,4,0
Iceland, Israel,12,25,16,15,18,20,18,0,0
Iceland, Italy,17,5,2,5,2,4,6,7,5
Iceland, Lithuania,13,12,12,8,19,13,7,0,4
Iceland, Malta,5,16,6,22,9,10,8,1,3
Iceland, Moldova,23,20,18,16,20,22,23,0,0
Iceland, Norway,16,24,19,17,11,21,10,0,1
Iceland, Portugal,3,9,3,1,4,2,9,10,2
Iceland, Russia,9,18,4,7,12,9,11,2,0
Iceland, San Marino,15,15,13,18,13,18,14,0,0
Iceland, Serbia,21,8,21,12,21,16,21,0,0
Iceland, Spain,8,17,17,14,22,15,25,0,0
Iceland, Sweden,14,14,11,11,7,12,2,0,10
Iceland, Switzerland,1,1,9,3,1,1,5,12,6
Iceland, The Netherlands,19,7,22,19,23,17,22,0,0
Iceland, Ukraine,4,6,14,13,10,8,3,3,8
Iceland, United Kingdom,25,23,25,25,24,25,20,0,0
Ireland, Albania,25,24,24,26,19,26,26,0,0
Ireland, Azerbaijan,11,9,3,10,13,9,22,2,0
Ireland, Belgium,14,5,26,22,2,8,24,3,0
Ireland, Bulgaria,15,19,16,6,4,10,11,1,0
Ireland, Cyprus,13,13,5,9,24,13,13,0,0
Ireland, Finland,19,17,19,12,22,24,6,0,5
Ireland, France,9,1,18,2,1,1,4,12,7
Ireland, Germany,8,25,25,16,15,19,16,0,0
Ireland, Greece,17,14,8,7,7,11,19,0,0
Ireland, Iceland,2,6,2,3,16,3,2,8,10
Ireland, Israel,22,20,20,15,9,20,20,0,0
Ireland, Italy,24,4,15,24,21,17,5,0,6
Ireland, Lithuania,26,3,10,5,11,7,1,4,12
Ireland, Malta,6,2,9,1,5,2,7,10,4
Ireland, Moldova,21,26,22,11,25,25,15,0,0
Ireland, Norway,4,15,4,4,8,4,12,7,0
Ireland, Portugal,7,11,23,13,6,12,9,0,2
Ireland, Russia,12,8,6,21,14,15,14,0,0
Ireland, San Marino,23,10,11,14,18,18,17,0,0
Ireland, Serbia,16,16,21,19,12,22,18,0,0
Ireland, Spain,10,21,13,23,26,21,25,0,0
Ireland, Sweden,18,23,14,17,3,16,10,0,1
Ireland, Switzerland,1,7,12,8,17,6,8,5,3
Ireland, The Netherlands,5,18,7,18,20,14,23,0,0
Ireland, Ukraine,3,12,1,20,23,5,3,6,8
Ireland, United Kingdom,20,22,17,25,10,23,21,0,0
Israel, Albania,13,24,23,21,17,21,23,0,0
Israel, Azerbaijan,4,16,14,7,15,9,9,2,2
Israel, Belgium,7,4,12,6,2,5,20,6,0
Israel, Bulgaria,15,5,16,20,6,10,17,1,0
Israel, Cyprus,8,6,11,8,9,8,12,3,0
Israel, Finland,12,11,10,14,8,12,7,0,4
Israel, France,3,7,2,2,5,3,3,8,8
Israel, Germany,24,22,24,22,23,24,14,0,0
Israel, Greece,20,10,17,23,18,17,15,0,0
Israel, Iceland,10,12,7,13,12,11,10,0,1
Israel, Italy,17,18,8,11,19,15,4,0,7
Israel, Lithuania,6,2,3,1,3,2,8,10,3
Israel, Malta,9,3,4,5,11,6,6,5,5
Israel, Moldova,11,21,18,9,10,14,21,0,0
Israel, Norway,21,17,15,15,14,19,11,0,0
Israel, Portugal,22,9,20,12,16,16,19,0,0
Israel, Russia,5,8,6,3,4,4,2,7,10
Israel, San Marino,16,15,19,18,24,20,16,0,0
Israel, Serbia,19,20,22,19,20,22,18,0,0
Israel, Spain,23,19,21,24,21,23,24,0,0
Israel, Sweden,14,23,9,16,7,13,13,0,0
Israel, Switzerland,1,1,1,4,1,1,5,12,6
Israel, The Netherlands,18,13,13,17,22,18,22,0,0
Israel, Ukraine,2,14,5,10,13,7,1,4,12
Israel, United Kingdom,25,25,25,25,25,25,25,0,0
Italy, Albania,20,18,14,20,25,21,2,0,10
Italy, Azerbaijan,15,22,24,23,11,20,18,0,0
Italy, Belgium,7,3,6,3,13,6,20,5,0
Italy, Bulgaria,23,24,8,13,7,14,15,0,0
Italy, Cyprus,19,15,12,8,19,15,21,0,0
Italy, Finland,1,10,3,4,3,2,3,10,8
Italy, France,12,1,15,12,10,8,10,3,1
Italy, Germany,14,25,23,25,17,22,17,0,0
Italy, Greece,17,16,17,10,21,17,22,0,0
Italy, Iceland,8,2,4,2,6,3,5,8,6
Italy, Israel,13,4,5,7,15,7,19,4,0
Italy, Lithuania,5,8,1,1,1,1,6,12,5
Italy, Malta,3,12,2,6,2,4,14,7,0
Italy, Moldova,22,17,20,18,24,23,9,0,2
Italy, Norway,4,11,10,9,8,9,11,2,0
Italy, Portugal,2,9,7,5,4,5,16,6,0
Italy, Russia,9,6,16,19,12,11,4,0,7
Italy, San Marino,11,5,22,15,20,13,8,0,3
Italy, Serbia,25,23,19,17,23,25,7,0,4
Italy, Spain,21,14,13,22,18,19,24,0,0
Italy, Sweden,10,20,9,11,9,12,13,0,0
Italy, Switzerland,24,21,21,21,16,24,12,0,0
Italy, The Netherlands,16,19,11,16,14,16,23,0,0
Italy, Ukraine,6,7,25,24,5,10,1,1,12
Italy, United Kingdom,18,13,18,14,22,18,25,0,0
Latvia, Albania,17,23,22,23,17,23,24,0,0
Latvia, Azerbaijan,15,24,15,12,22,20,12,0,0
Latvia, Belgium,9,8,10,6,19,12,13,0,0
Latvia, Bulgaria,11,17,3,13,3,6,15,5,0
Latvia, Cyprus,21,22,24,25,25,25,20,0,0
Latvia, Finland,12,5,5,7,8,7,3,4,8
Latvia, France,6,7,9,11,4,8,8,3,3
Latvia, Germany,24,20,14,10,11,17,18,0,0
Latvia, Greece,13,18,16,15,6,14,16,0,0
Latvia, Iceland,7,3,2,4,1,2,6,10,5
Latvia, Israel,19,19,18,20,16,21,19,0,0
Latvia, Italy,2,4,11,2,12,3,4,8,7
Latvia, Lithuania,5,2,19,3,10,5,1,6,12
Latvia, Malta,3,9,7,21,15,9,17,2,0
Latvia, Moldova,23,25,13,18,24,22,11,0,0
Latvia, Norway,25,14,4,24,5,11,9,0,2
Latvia, Portugal,14,11,12,8,7,13,14,0,0
Latvia, Russia,10,10,6,5,18,10,2,1,10
Latvia, San Marino,8,16,23,17,23,18,21,0,0
Latvia, Serbia,20,26,25,26,26,26,25,0,0
Latvia, Spain,22,21,26,16,20,24,26,0,0
Latvia, Sweden,18,12,21,19,13,19,10,0,1
Latvia, Switzerland,4,1,1,9,2,1,7,12,4
Latvia, The Netherlands,16,15,20,14,9,16,22,0,0
Latvia, Ukraine,1,13,8,1,14,4,5,7,6
Latvia, United Kingdom,26,6,17,22,21,15,23,0,0
Lithuania, Albania,23,22,24,19,24,23,25,0,0
Lithuania, Azerbaijan,21,18,20,22,22,21,14,0,0
Lithuania, Belgium,6,4,3,3,1,4,9,7,2
Lithuania, Bulgaria,7,13,8,11,15,9,18,2,0
Lithuania, Cyprus,13,15,21,15,17,18,11,0,0
Lithuania, Finland,12,10,10,12,10,11,4,0,7
Lithuania, France,2,5,6,7,14,6,3,5,8
Lithuania, Germany,14,12,14,10,8,12,13,0,0
Lithuania, Greece,8,14,19,13,16,15,17,0,0
Lithuania, Iceland,10,7,11,5,9,7,8,4,3
Lithuania, Israel,11,16,7,20,7,10,16,1,0
Lithuania, Italy,1,2,4,6,4,2,2,10,10
Lithuania, Malta,15,8,9,8,5,8,15,3,0
Lithuania, Moldova,25,25,23,25,23,25,22,0,0
Lithuania, Norway,9,20,17,17,6,13,6,0,5
Lithuania, Portugal,4,1,5,4,12,5,12,6,0
Lithuania, Russia,16,21,16,24,19,19,7,0,4
Lithuania, San Marino,18,24,22,21,20,22,19,0,0
Lithuania, Serbia,24,23,25,23,21,24,21,0,0
Lithuania, Spain,22,19,12,16,13,17,24,0,0
Lithuania, Sweden,17,9,13,14,18,16,10,0,1
Lithuania, Switzerland,5,6,2,2,2,3,5,8,6
Lithuania, The Netherlands,19,11,15,9,11,14,23,0,0
Lithuania, Ukraine,3,3,1,1,3,1,1,12,12
Lithuania, United Kingdom,20,17,18,18,25,20,20,0,0
Malta, Albania,3,22,3,3,19,1,18,12,0
Malta, Azerbaijan,10,23,12,7,5,14,12,0,0
Malta, Belgium,11,18,18,18,14,21,22,0,0
Malta, Bulgaria,25,7,6,16,10,16,11,0,0
Malta, Cyprus,16,21,2,6,7,7,9,4,2
Malta, Finland,5,2,11,22,22,9,4,2,7
Malta, France,23,12,1,15,6,8,8,3,3
Malta, Germany,8,25,24,19,23,22,19,0,0
Malta, Greece,20,11,4,1,11,5,17,6,0
Malta, Iceland,2,19,16,9,18,12,6,0,5
Malta, Israel,14,20,17,17,13,24,21,0,0
Malta, Italy,18,9,13,4,8,11,1,0,12
Malta, Lithuania,19,8,7,13,15,17,5,0,6
Malta, Moldova,15,14,22,2,12,13,24,0,0
Malta, Norway,7,24,15,8,25,19,2,0,10
Malta, Portugal,22,1,19,12,2,4,15,7,0
Malta, Russia,13,16,21,14,16,23,16,0,0
Malta, San Marino,4,5,9,23,17,10,20,1,0
Malta, Serbia,6,17,25,20,9,18,7,0,4
Malta, Spain,24,10,20,21,24,25,23,0,0
Malta, Sweden,21,15,5,5,1,3,3,8,8
Malta, Switzerland,1,6,14,25,4,2,13,10,0
Malta, The Netherlands,17,13,8,10,21,20,25,0,0
Malta, Ukraine,9,4,10,24,3,6,10,5,1
Malta, United Kingdom,12,3,23,11,20,15,14,0,0
Moldova, Albania,11,12,17,13,8,14,22,0,0
Moldova, Azerbaijan,8,5,4,23,6,5,10,6,1
Moldova, Belgium,22,4,8,16,24,12,20,0,0
Moldova, Bulgaria,2,1,1,3,1,1,12,12,0
Moldova, Cyprus,4,11,14,8,25,10,13,1,0
Moldova, Finland,21,21,19,7,23,16,6,0,5
Moldova, France,1,8,18,20,9,7,5,4,6
Moldova, Germany,16,20,25,11,13,20,17,0,0
Moldova, Greece,6,2,3,5,3,3,4,8,7
Moldova, Iceland,15,18,10,1,7,6,11,5,0
Moldova, Israel,14,14,15,21,17,22,18,0,0
Moldova, Italy,18,24,9,25,18,21,3,0,8
Moldova, Lithuania,20,6,23,18,22,15,9,0,2
Moldova, Malta,3,13,6,2,11,4,14,7,0
Moldova, Norway,17,17,22,14,10,18,15,0,0
Moldova, Portugal,13,10,12,6,5,9,16,2,0
Moldova, Russia,5,3,2,4,2,2,1,10,12
Moldova, San Marino,9,22,5,12,16,13,19,0,0
Moldova, Serbia,12,15,13,19,15,17,21,0,0
Moldova, Spain,19,19,16,9,19,19,24,0,0
Moldova, Sweden,24,23,20,24,21,25,8,0,3
Moldova, Switzerland,7,9,11,10,4,8,7,3,4
Moldova, The Netherlands,23,25,21,15,14,23,23,0,0
Moldova, Ukraine,10,7,7,22,12,11,2,0,10
Moldova, United Kingdom,25,16,24,17,20,24,25,0,0
North Macedonia, Albania,5,18,11,18,11,12,2,0,10
North Macedonia, Azerbaijan,16,15,10,11,22,18,8,0,3
North Macedonia, Belgium,12,6,25,16,14,14,23,0,0
North Macedonia, Bulgaria,15,8,20,22,9,15,11,0,0
North Macedonia, Cyprus,10,12,15,9,4,9,5,2,6
North Macedonia, Finland,20,17,21,17,18,22,9,0,2
North Macedonia, France,2,2,6,7,10,4,6,7,5
North Macedonia, Germany,24,21,19,21,26,25,24,0,0
North Macedonia, Greece,14,16,12,10,17,17,16,0,0
North Macedonia, Iceland,26,9,5,3,16,7,12,4,0
North Macedonia, Israel,4,7,1,8,5,3,22,8,0
North Macedonia, Italy,7,1,3,1,6,2,3,10,8
North Macedonia, Lithuania,25,22,26,23,20,26,17,0,0
North Macedonia, Malta,9,5,2,5,7,6,13,5,0
North Macedonia, Moldova,22,20,17,26,23,24,15,0,0
North Macedonia, Norway,18,23,8,19,19,19,18,0,0
North Macedonia, Portugal,11,26,7,15,8,13,21,0,0
North Macedonia, Russia,8,11,4,13,21,10,10,1,1
North Macedonia, San Marino,17,14,22,20,25,21,19,0,0
North Macedonia, Serbia,1,3,9,2,2,1,1,12,12
North Macedonia, Spain,23,19,14,24,13,20,25,0,0
North Macedonia, Sweden,19,13,16,14,1,8,14,3,0
North Macedonia, Switzerland,3,4,23,4,3,5,4,6,7
North Macedonia, The Netherlands,13,24,18,25,24,23,26,0,0
North Macedonia, Ukraine,6,25,24,6,15,11,7,0,4
North Macedonia, United Kingdom,21,10,13,12,12,16,20,0,0
Norway, Albania,13,18,11,22,20,19,21,0,0
Norway, Azerbaijan,8,11,6,11,16,11,10,0,1
Norway, Belgium,21,19,18,18,22,22,22,0,0
Norway, Bulgaria,23,4,19,7,1,5,16,6,0
Norway, Cyprus,12,8,23,9,17,15,13,0,0
Norway, Finland,16,16,4,15,9,13,5,0,6
Norway, France,6,6,9,8,8,7,7,4,4
Norway, Germany,24,22,24,24,25,25,14,0,0
Norway, Greece,10,7,13,5,23,10,19,1,0
Norway, Iceland,4,13,15,14,7,9,2,2,10
Norway, Israel,2,5,3,3,13,3,18,8,0
Norway, Italy,7,20,12,6,3,6,4,5,7
Norway, Lithuania,25,14,10,16,15,18,1,0,12
Norway, Malta,1,2,1,4,2,1,8,12,3
Norway, Moldova,17,24,25,25,19,23,25,0,0
Norway, Portugal,14,15,14,10,11,17,12,0,0
Norway, Russia,9,12,8,23,18,16,11,0,0
Norway, San Marino,15,17,21,12,21,20,17,0,0
Norway, Serbia,19,25,22,20,24,24,15,0,0
Norway, Spain,22,23,20,19,14,21,23,0,0
Norway, Sweden,3,1,17,1,6,2,3,10,8
Norway, Switzerland,18,3,5,2,5,4,9,7,2
Norway, The Netherlands,11,10,16,17,4,12,20,0,0
Norway, Ukraine,5,21,2,21,10,8,6,3,5
Norway, United Kingdom,20,9,7,13,12,14,24,0,0
Poland, Albania,14,9,25,18,15,18,23,0,0
Poland, Azerbaijan,21,21,23,22,20,26,12,0,0
Poland, Belgium,26,17,17,6,1,8,19,3,0
Poland, Bulgaria,22,12,14,13,24,21,15,0,0
Poland, Cyprus,13,20,11,15,17,19,16,0,0
Poland, Finland,10,11,8,7,10,9,5,2,6
Poland, France,20,14,6,16,19,13,6,0,5
Poland, Germany,8,25,18,24,21,20,18,0,0
Poland, Greece,15,19,19,8,14,15,14,0,0
Poland, Iceland,2,1,4,1,4,2,3,10,8
Poland, Israel,5,4,5,10,9,5,22,6,0
Poland, Italy,17,22,7,2,5,6,2,5,10
Poland, Lithuania,23,24,24,14,23,24,7,0,4
Poland, Malta,6,5,12,9,7,7,11,4,0
Poland, Moldova,24,23,26,17,6,16,21,0,0
Poland, Norway,25,26,15,26,26,25,8,0,3
Poland, Portugal,4,7,3,5,2,3,17,8,0
Poland, Russia,3,8,21,25,13,10,9,1,2
Poland, San Marino,1,2,1,3,3,1,13,12,0
Poland, Serbia,18,16,20,21,25,23,20,0,0
Poland, Spain,19,18,13,23,11,22,24,0,0
Poland, Sweden,11,15,16,11,18,17,10,0,1
Poland, Switzerland,7,3,2,4,8,4,4,7,7
Poland, The Netherlands,16,6,10,19,22,12,25,0,0
Poland, Ukraine,9,13,22,20,12,14,1,0,12
Poland, United Kingdom,12,10,9,12,16,11,26,0,0
Portugal, Albania,18,17,17,21,13,19,24,0,0
Portugal, Azerbaijan,14,14,11,11,14,15,21,0,0
Portugal, Belgium,9,2,3,9,9,6,18,5,0
Portugal, Bulgaria,1,1,10,2,5,1,13,12,0
Portugal, Cyprus,16,18,12,16,23,16,19,0,0
Portugal, Finland,6,13,20,22,3,11,6,0,5
Portugal, France,7,5,8,12,1,5,1,6,12
Portugal, Germany,22,12,25,23,15,20,17,0,0
Portugal, Greece,17,22,22,15,22,22,9,0,2
Portugal, Iceland,3,6,4,5,7,3,8,8,3
Portugal, Israel,8,8,18,14,10,14,16,0,0
Portugal, Italy,12,3,16,1,11,8,4,3,7
Portugal, Lithuania,20,20,14,4,8,12,14,0,0
Portugal, Malta,4,9,7,6,4,7,15,4,0
Portugal, Moldova,19,24,23,13,16,21,3,0,8
Portugal, Norway,23,21,24,18,24,25,11,0,0
Portugal, Russia,5,11,2,3,6,2,10,10,1
Portugal, San Marino,24,25,15,17,12,18,23,0,0
Portugal, Serbia,11,10,9,7,17,13,20,0,0
Portugal, Spain,15,19,19,25,25,23,12,0,0
Portugal, Sweden,13,23,13,20,18,17,7,0,4
Portugal, Switzerland,2,15,6,8,2,4,5,7,6
Portugal, The Netherlands,10,4,5,19,20,10,22,1,0
Portugal, Ukraine,21,7,1,10,19,9,2,2,10
Portugal, United Kingdom,25,16,21,24,21,24,25,0,0
Romania, Albania,9,26,18,10,17,16,20,0,0
Romania, Azerbaijan,19,19,16,20,24,24,7,0,4
Romania, Belgium,12,6,26,16,26,12,24,0,0
Romania, Bulgaria,10,15,13,4,6,9,14,2,0
Romania, Cyprus,16,20,8,13,19,17,16,0,0
Romania, Finland,3,4,11,3,3,3,5,8,6
Romania, France,6,7,5,6,9,7,3,4,8
Romania, Germany,20,10,12,7,15,10,23,1,0
Romania, Greece,15,18,15,21,16,23,21,0,0
Romania, Iceland,26,9,14,26,13,18,12,0,0
Romania, Israel,8,16,19,12,10,11,10,0,1
Romania, Italy,4,12,3,18,18,8,2,3,10
Romania, Lithuania,22,11,7,24,20,15,8,0,3
Romania, Malta,1,1,2,1,1,1,9,12,2
Romania, Moldova,5,5,10,5,7,5,1,6,12
Romania, Norway,18,17,23,9,25,21,13,0,0
Romania, Portugal,2,3,4,2,4,2,22,10,0
Romania, Russia,23,22,9,19,12,19,18,0,0
Romania, San Marino,25,24,20,25,21,26,17,0,0
Romania, Serbia,13,25,22,23,11,22,11,0,0
Romania, Spain,24,14,25,8,23,20,19,0,0
Romania, Sweden,14,13,21,14,8,13,15,0,0
Romania, Switzerland,11,8,1,22,2,4,6,7,5
Romania, The Netherlands,7,21,17,15,14,14,26,0,0
Romania, Ukraine,21,2,6,11,5,6,4,5,7
Romania, United Kingdom,17,23,24,17,22,25,25,0,0
Russia, Albania,16,15,23,6,14,12,18,0,0
Russia, Azerbaijan,3,1,8,5,4,3,7,8,4
Russia, Belgium,9,13,4,22,9,8,16,3,0
Russia, Bulgaria,10,8,6,2,3,5,20,6,0
Russia, Cyprus,25,6,14,8,7,9,1,2,12
Russia, Finland,13,11,20,12,11,14,3,0,8
Russia, France,18,14,18,16,17,20,5,0,6
Russia, Germany,8,25,19,25,24,18,14,0,0
Russia, Greece,7,3,3,10,2,4,15,7,0
Russia, Iceland,22,19,11,18,13,16,10,0,1
Russia, Israel,4,4,10,4,6,6,19,5,0
Russia, Italy,1,5,2,7,5,2,2,10,10
Russia, Lithuania,15,18,15,23,20,22,9,0,2
Russia, Malta,5,7,7,3,10,7,13,4,0
Russia, Moldova,2,2,1,1,1,1,8,12,3
Russia, Norway,17,23,25,14,22,24,11,0,0
Russia, Portugal,20,12,9,20,15,15,22,0,0
Russia, San Marino,11,22,22,24,12,19,21,0,0
Russia, Serbia,23,16,24,17,16,23,17,0,0
Russia, Spain,19,21,21,19,19,25,23,0,0
Russia, Sweden,6,9,12,21,18,11,12,0,0
Russia, Switzerland,24,10,5,11,21,10,6,1,5
Russia, The Netherlands,14,17,17,15,23,21,24,0,0
Russia, Ukraine,12,24,13,13,8,13,4,0,7
Russia, United Kingdom,21,20,16,9,25,17,25,0,0
San Marino, Albania,10,6,11,14,7,9,19,2,0
San Marino, Azerbaijan,20,15,18,19,21,23,15,0,0
San Marino, Belgium,6,20,22,12,8,13,23,0,0
San Marino, Bulgaria,5,11,9,6,13,8,9,3,2
San Marino, Cyprus,9,14,13,16,11,17,3,0,8
San Marino, Finland,14,3,24,10,16,10,7,1,4
San Marino, France,1,2,1,3,1,1,2,12,10
San Marino, Germany,24,21,25,9,19,19,21,0,0
San Marino, Greece,4,9,4,4,2,3,4,8,7
San Marino, Iceland,16,8,16,8,10,12,13,0,0
San Marino, Israel,13,23,15,17,17,20,18,0,0
San Marino, Italy,2,1,5,1,4,2,1,10,12
San Marino, Lithuania,3,10,8,15,6,5,12,6,0
San Marino, Malta,7,4,2,20,3,4,17,7,0
San Marino, Moldova,8,5,12,18,5,6,5,5,6
San Marino, Norway,19,22,20,21,25,24,14,0,0
San Marino, Portugal,23,19,6,7,24,15,20,0,0
San Marino, Russia,11,16,17,5,15,14,10,0,1
San Marino, Serbia,25,24,21,2,14,11,16,0,0
San Marino, Spain,22,18,23,25,23,25,22,0,0
San Marino, Sweden,17,12,7,11,18,16,11,0,0
San Marino, Switzerland,12,7,3,23,9,7,8,4,3
San Marino, The Netherlands,18,25,19,13,20,21,25,0,0
San Marino, Ukraine,15,13,10,24,12,18,6,0,5
San Marino, United Kingdom,21,17,14,22,22,22,24,0,0
Serbia, Albania,23,21,17,20,23,23,11,0,0
Serbia, Azerbaijan,13,19,12,21,20,20,7,0,4
Serbia, Belgium,18,22,23,22,22,24,21,0,0
Serbia, Bulgaria,1,7,9,19,8,5,12,6,0
Serbia, Cyprus,20,18,22,25,15,22,9,0,2
Serbia, Finland,2,4,14,1,4,2,4,10,7
Serbia, France,8,1,1,5,3,1,2,12,10
Serbia, Germany,17,25,25,24,24,25,18,0,0
Serbia, Greece,4,14,15,7,6,8,8,3,3
Serbia, Iceland,11,12,4,2,2,4,6,7,5
Serbia, Israel,22,13,8,3,7,9,20,2,0
Serbia, Italy,7,3,6,9,1,3,1,8,12
Serbia, Lithuania,21,10,18,17,14,18,13,0,0
Serbia, Malta,10,5,10,11,11,11,16,0,0
Serbia, Moldova,5,20,24,16,18,16,22,0,0
Serbia, Norway,14,6,21,13,9,15,17,0,0
Serbia, Portugal,3,8,19,4,16,6,19,5,0
Serbia, Russia,19,17,7,14,13,17,5,0,6
Serbia, San Marino,9,9,5,12,19,13,15,0,0
Serbia, Spain,12,24,20,10,25,19,23,0,0
Serbia, Sweden,16,2,13,15,5,7,14,4,0
Serbia, Switzerland,24,15,3,8,10,10,10,1,1
Serbia, The Netherlands,15,16,16,18,21,21,25,0,0
Serbia, Ukraine,25,11,2,23,12,12,3,0,8
Serbia, United Kingdom,6,23,11,6,17,14,24,0,0
Slovenia, Albania,10,12,9,15,5,11,12,0,0
Slovenia, Azerbaijan,9,16,14,17,9,16,16,0,0
Slovenia, Belgium,6,17,4,20,4,5,19,6,0
Slovenia, Bulgaria,19,18,16,19,20,20,20,0,0
Slovenia, Cyprus,13,9,15,7,12,15,15,0,0
Slovenia, Finland,12,14,13,3,6,7,7,4,4
Slovenia, France,7,8,5,8,16,9,5,2,6
Slovenia, Germany,24,24,22,24,24,24,17,0,0
Slovenia, Greece,18,10,10,11,2,8,3,3,8
Slovenia, Iceland,1,6,3,1,8,2,8,10,3
Slovenia, Israel,5,11,8,14,7,10,22,1,0
Slovenia, Italy,3,7,2,2,1,1,2,12,10
Slovenia, Lithuania,21,22,20,16,10,18,14,0,0
Slovenia, Malta,11,3,12,5,17,6,13,5,0
Slovenia, Moldova,23,26,24,22,19,23,26,0,0
Slovenia, Norway,17,4,17,13,14,14,9,0,2
Slovenia, Portugal,14,20,19,18,18,19,18,0,0
Slovenia, Russia,2,1,1,9,13,3,10,8,1
Slovenia, San Marino,26,19,26,21,22,22,21,0,0
Slovenia, Serbia,16,5,11,10,15,13,1,0,12
Slovenia, Spain,22,21,21,23,21,21,23,0,0
Slovenia, Sweden,15,13,18,6,23,17,11,0,0
Slovenia, Switzerland,4,2,6,4,3,4,6,7,5
Slovenia, The Netherlands,25,23,23,25,25,26,24,0,0
Slovenia, Ukraine,8,15,7,12,11,12,4,0,7
Slovenia, United Kingdom,20,25,25,26,26,25,25,0,0
Spain, Albania,16,17,13,19,12,17,25,0,0
Spain, Azerbaijan,12,11,18,15,24,14,17,0,0
Spain, Belgium,18,18,15,12,22,19,22,0,0
Spain, Bulgaria,13,8,5,4,7,7,3,4,8
Spain, Cyprus,7,6,10,2,6,5,13,6,0
Spain, Finland,21,22,20,17,19,23,9,0,2
Spain, France,1,1,1,3,1,1,1,12,12
Spain, Germany,15,24,14,18,18,20,15,0,0
Spain, Greece,8,19,6,9,8,10,21,1,0
Spain, Iceland,6,5,4,11,3,4,6,7,5
Spain, Israel,3,9,9,6,10,8,20,3,0
Spain, Italy,17,12,21,14,11,13,2,0,10
Spain, Lithuania,11,4,12,7,14,9,7,2,4
Spain, Malta,5,3,2,8,4,3,8,8,3
Spain, Moldova,20,21,16,21,17,21,19,0,0
Spain, Norway,23,25,25,23,15,24,11,0,0
Spain, Portugal,4,7,8,5,5,6,10,5,1
Spain, Russia,19,14,24,22,23,22,14,0,0
Spain, San Marino,9,15,22,20,20,18,16,0,0
Spain, Serbia,14,20,17,24,9,15,18,0,0
Spain, Sweden,25,16,11,10,13,12,12,0,0
Spain, Switzerland,2,2,3,1,2,2,4,10,7
Spain, The Netherlands,24,10,7,13,16,11,24,0,0
Spain, Ukraine,22,23,23,25,21,25,5,0,6
Spain, United Kingdom,10,13,19,16,25,16,23,0,0
Sweden, Albania,20,22,22,23,21,25,15,0,0
Sweden, Azerbaijan,6,21,14,5,12,13,18,0,0
Sweden, Belgium,13,23,7,10,3,10,16,1,0
Sweden, Bulgaria,8,7,17,7,10,12,19,0,0
Sweden, Cyprus,11,9,16,6,14,16,14,0,0
Sweden, Finland,12,8,19,18,5,14,1,0,12
Sweden, France,2,4,10,9,8,5,5,6,6
Sweden, Germany,21,13,20,12,24,20,21,0,0
Sweden, Greece,24,20,23,17,19,23,17,0,0
Sweden, Iceland,3,12,2,13,7,4,2,7,10
Sweden, Israel,15,15,4,1,16,7,20,4,0
Sweden, Italy,5,1,3,20,6,2,8,10,3
Sweden, Lithuania,9,10,5,19,22,15,4,0,7
Sweden, Malta,7,3,6,2,1,1,9,12,2
Sweden, Moldova,18,18,21,24,25,24,13,0,0
Sweden, Norway,19,6,11,3,9,9,3,2,8
Sweden, Portugal,16,17,15,8,2,11,11,0,0
Sweden, Russia,4,5,9,11,13,8,12,3,0
Sweden, San Marino,22,11,18,22,11,19,23,0,0
Sweden, Serbia,17,24,13,21,20,21,10,0,1
Sweden, Spain,25,25,24,16,17,22,24,0,0
Sweden, Switzerland,10,2,8,15,4,6,6,5,5
Sweden, The Netherlands,14,19,12,14,15,18,22,0,0
Sweden, Ukraine,1,14,1,25,23,3,7,8,4
Sweden, United Kingdom,23,16,25,4,18,17,25,0,0
Switzerland, Albania,10,14,6,10,13,11,4,0,7
Switzerland, Azerbaijan,19,10,1,19,11,9,19,2,0
Switzerland, Belgium,16,11,22,17,17,20,21,0,0
Switzerland, Bulgaria,1,4,5,3,7,2,16,10,0
Switzerland, Cyprus,5,9,18,14,21,13,20,0,0
Switzerland, Finland,11,7,9,5,9,10,7,1,4
Switzerland, France,3,2,8,1,1,1,5,12,6
Switzerland, Germany,25,18,20,22,22,23,14,0,0
Switzerland, Greece,6,15,11,15,18,14,13,0,0
Switzerland, Iceland,15,6,21,4,5,6,6,5,5
Switzerland, Israel,17,20,7,8,23,16,18,0,0
Switzerland, Italy,14,1,14,2,2,3,2,8,10
Switzerland, Lithuania,7,8,3,13,14,7,10,4,1
Switzerland, Malta,8,5,4,7,3,5,12,6,0
Switzerland, Moldova,24,24,17,25,24,24,23,0,0
Switzerland, Norway,20,25,25,23,25,25,15,0,0
Switzerland, Portugal,2,3,16,6,4,4,3,7,8
Switzerland, Russia,21,17,2,11,6,8,11,3,0
Switzerland, San Marino,13,12,12,16,20,18,24,0,0
Switzerland, Serbia,12,22,10,24,15,19,1,0,12
Switzerland, Spain,18,19,13,20,16,21,17,0,0
Switzerland, Sweden,4,13,23,18,10,12,8,0,3
Switzerland, The Netherlands,9,16,24,12,8,15,22,0,0
Switzerland, Ukraine,23,21,15,9,12,17,9,0,2
Switzerland, United Kingdom,22,23,19,21,19,22,25,0,0
The Netherlands, Albania,11,11,9,8,20,10,22,1,0
The Netherlands, Azerbaijan,8,6,18,13,11,9,16,2,0
The Netherlands, Belgium,6,3,6,3,6,5,15,6,0
The Netherlands, Bulgaria,15,12,16,19,17,17,14,0,0
The Netherlands, Cyprus,13,24,21,22,24,21,20,0,0
The Netherlands, Finland,19,14,13,10,15,14,7,0,4
The Netherlands, France,2,2,2,2,3,1,1,12,12
The Netherlands, Germany,23,25,24,25,23,25,18,0,0
The Netherlands, Greece,20,18,11,18,19,18,2,0,10
The Netherlands, Iceland,1,10,1,4,1,2,3,10,8
The Netherlands, Israel,9,4,3,5,7,7,17,4,0
The Netherlands, Italy,12,13,17,12,12,13,9,0,2
The Netherlands, Lithuania,18,15,14,11,13,15,8,0,3
The Netherlands, Malta,3,5,4,7,2,4,10,7,1
The Netherlands, Moldova,25,23,23,24,25,24,25,0,0
The Netherlands, Norway,16,17,20,16,10,16,13,0,0
The Netherlands, Portugal,5,16,12,17,14,12,5,0,6
The Netherlands, Russia,4,1,5,6,4,3,11,8,0
The Netherlands, San Marino,21,21,19,14,16,20,21,0,0
The Netherlands, Serbia,24,22,22,23,22,23,19,0,0
The Netherlands, Spain,14,19,15,21,18,19,24,0,0
The Netherlands, Sweden,17,8,10,15,9,11,12,0,0
The Netherlands, Switzerland,7,7,7,1,5,6,4,5,7
The Netherlands, Ukraine,10,9,8,9,8,8,6,3,5
The Netherlands, United Kingdom,22,20,25,20,21,22,23,0,0
Ukraine, Albania,23,22,15,24,22,24,21,0,0
Ukraine, Azerbaijan,9,15,11,8,3,8,8,3,3
Ukraine, Belgium,3,10,3,5,20,5,10,6,1
Ukraine, Bulgaria,14,9,16,10,16,14,17,0,0
Ukraine, Cyprus,8,12,13,18,24,16,15,0,0
Ukraine, Finland,19,14,9,14,14,17,3,0,8
Ukraine, France,12,1,10,2,2,2,6,10,5
Ukraine, Germany,18,21,19,21,13,20,14,0,0
Ukraine, Greece,16,6,20,13,21,15,16,0,0
Ukraine, Iceland,11,8,5,7,6,7,5,4,6
Ukraine, Israel,4,5,2,17,4,4,13,7,0
Ukraine, Italy,1,2,4,1,1,1,1,12,12
Ukraine, Lithuania,13,11,8,9,7,11,2,0,10
Ukraine, Malta,6,3,6,6,10,6,11,5,0
Ukraine, Moldova,15,13,24,20,19,19,18,0,0
Ukraine, Norway,2,19,14,19,11,10,12,1,0
Ukraine, Portugal,7,17,7,12,5,9,19,2,0
Ukraine, Russia,17,25,25,15,25,22,7,0,4
Ukraine, San Marino,25,18,23,25,17,25,20,0,0
Ukraine, Serbia,24,16,22,16,23,21,22,0,0
Ukraine, Spain,21,20,18,4,15,13,25,0,0
Ukraine, Sweden,10,7,12,11,8,12,9,0,2
Ukraine, Switzerland,5,4,1,3,12,3,4,8,7
Ukraine, The Netherlands,20,24,17,23,18,23,24,0,0
Ukraine, United Kingdom,22,23,21,22,9,18,23,0,0
United Kingdom, Albania,21,15,16,18,19,22,21,0,0
United Kingdom, Azerbaijan,25,9,19,22,17,19,19,0,0
United Kingdom, Belgium,11,6,9,6,22,10,25,1,0
United Kingdom, Bulgaria,13,4,6,7,5,6,3,5,8
United Kingdom, Cyprus,15,23,17,14,13,21,13,0,0
United Kingdom, Finland,3,16,4,13,8,7,4,4,7
United Kingdom, France,4,1,3,2,2,1,6,12,5
United Kingdom, Germany,16,25,24,23,15,24,15,0,0
United Kingdom, Greece,18,12,22,12,23,20,16,0,0
United Kingdom, Iceland,5,14,2,1,1,2,2,10,10
United Kingdom, Israel,1,5,11,11,12,5,18,6,0
United Kingdom, Italy,14,24,14,15,9,17,8,0,3
United Kingdom, Lithuania,22,13,21,20,25,23,1,0,12
United Kingdom, Malta,12,18,15,10,11,16,5,0,6
United Kingdom, Moldova,23,2,23,17,21,13,20,0,0
United Kingdom, Norway,20,22,25,25,16,25,9,0,2
United Kingdom, Portugal,2,19,5,9,3,4,11,7,0
United Kingdom, Russia,17,7,13,16,18,15,14,0,0
United Kingdom, San Marino,10,10,10,4,10,8,17,3,0
United Kingdom, Serbia,19,11,18,8,4,12,23,0,0
United Kingdom, Spain,8,17,12,5,7,9,24,2,0
United Kingdom, Sweden,7,21,7,19,24,14,12,0,0
United Kingdom, Switzerland,9,3,1,3,14,3,10,8,1
United Kingdom, The Netherlands,6,20,8,21,6,11,22,0,0
United Kingdom, Ukraine,24,8,20,24,20,18,7,0,4
